GyroX,GyroY,GyroZ,Thumb,Index,Middle,Ring,Pinky,Gesture
9,-19,7,14311,28245,36235,31370,32500,0
-17,-14,10,14326,28217,36235,31276,32500,0
-14,-13,-4,14326,28161,36160,31307,32500,0
-9,-10,4,14414,28133,36160,31276,32467,0
-3,17,-5,14458,28161,36085,31244,32369,0
-1,15,0,14518,28105,36085,31213,32369,0
-3,8,-26,14607,28022,36047,31213,32402,0
5,-43,11,14861,28022,36010,31150,32402,0
14,-54,8,15335,28022,36122,31119,32369,0
-20,18,-5,15615,27966,36122,31119,32369,0
26,-47,25,15475,27939,36010,31087,32271,0
-7,6,11,15553,27939,36010,31087,32271,0
5,31,8,15631,27911,36010,31056,32271,0
1,-11,-10,15710,27939,36010,31025,32303,0
-21,24,17,15211,27911,36160,31056,32500,0
-4,-3,11,14861,27828,36047,30994,32467,0
45,-3,-10,14967,27856,36085,30994,32599,0
18,-13,12,14741,27745,35935,30994,32799,0
30,-29,2,14621,27691,35824,31087,32966,0
20,-53,6,14696,27609,35639,31244,32999,0
-194,-171,13,15335,27527,35127,31402,33067,0
-118,-27,35,15443,27472,34910,31339,32899,0
10,-45,16,15366,27364,34839,31213,32899,0
39,-23,-4,15335,27364,34839,31213,32699,0
49,-143,37,15584,27337,34874,31181,32666,0
-127,-98,47,15900,27283,34767,31213,32832,0
-29,-47,-8,16044,27229,34696,31150,32699,0
-12,16,-21,15980,27175,34696,31087,32533,0
30,-4,-25,15884,27148,34624,30994,32435,0
-12,8,-3,15663,27095,34589,30962,32271,0
11,-9,6,15789,27068,34518,30900,32173,0
-1,27,-4,16765,27041,34518,30838,32173,0
-10,-8,-2,17739,26988,34447,30807,32108,0
8,-3,-13,18290,27041,34482,30745,32140,0
0,23,-12,18344,26935,34412,30745,32108,0
-1,2,4,18147,26988,34482,30715,32108,0
11,9,11,18004,26935,34412,30745,32010,0
1,11,6,17862,26935,34412,30715,32010,0
7,17,3,17443,26935,34376,30715,32010,0
-14,23,4,16898,26855,34306,30653,31978,0
13,12,-9,16615,26855,34341,30653,31881,0
2,26,5,16352,26855,34306,30622,31881,0
20,23,-3,16173,26829,34341,30622,32010,0
-24,37,-16,16028,26829,34341,30715,31752,0
4,29,-2,15773,26829,34341,30715,31785,0
46,-8,7,15726,26882,34341,30715,31785,0
-14,18,11,15412,26829,34271,30715,31785,0
-21,-16,14,15304,26749,34130,30715,31752,0
-7,-16,12,15273,26749,34060,30622,31817,0
-3,-23,8,15273,26723,34095,30530,31849,0
-33,-4,3,15475,26749,34130,30591,31785,0
-4,-46,12,15350,26670,34200,30499,31752,0
35,101,-44,15119,26776,34341,30591,31817,0
-51,-34,28,14621,26829,34518,30653,31849,0
-6,1,8,14108,26829,34553,30622,31752,0
6,8,3,13964,26749,34412,30591,31752,0
-13,12,-5,13921,26776,34589,30653,31785,0
9,5,-18,13964,26829,34839,30715,31785,0
26,3,-15,14007,26749,34696,30715,31752,0
10,-25,-12,14021,26723,34518,30715,31720,0
37,-14,-40,14079,26644,34271,30653,31593,0
-22,-27,6,14166,26644,34235,30561,31497,0
-32,7,-11,14311,26644,34482,30469,31561,0
5,-13,-2,14621,26644,34200,30317,31434,0
4,3,-6,14846,26644,34165,30256,31434,0
-35,-1,9,14846,26644,34130,30226,31370,0
6,6,0,14861,26592,34165,30195,31307,0
-10,21,-11,14861,26539,34060,30195,31339,0
36,18,0,14786,26566,34060,30195,31402,0
11,13,16,14741,26566,34060,30165,31339,0
3,11,18,14711,26513,33991,30165,31276,0
8,14,3,14636,26487,33921,30165,31307,0
-8,32,-3,14651,26435,33956,30135,31244,0
2,5,7,14786,26435,33921,30105,31244,0
19,-8,-14,14756,26409,33921,30105,31213,0
-30,-18,7,14801,26409,33852,30105,31213,0
-1,-4,-5,14907,26357,33852,30105,31213,0
2,-14,5,14861,26409,33852,30045,31213,0
25,-10,-2,14696,26383,33748,30045,31150,0
48,82,11,14326,26357,33783,30015,31087,0
6,-5,8,14253,26357,33748,30105,31087,0
16,-8,2,14166,26305,33783,30045,30994,0
-26,42,-20,14370,26357,34200,30045,31087,0
-8,16,0,14458,26331,34165,30015,31087,0
-8,-28,46,14385,26305,33852,29955,30962,0
48,-65,33,14268,26253,33748,29925,30931,0
88,-102,11,14224,26253,33783,29984,30869,0
97,-151,-60,14224,26228,33748,29895,30931,0
230,-133,-82,14209,26253,33748,29865,30869,0
71,-394,-125,14577,26279,33748,29865,30838,0
178,-103,-91,14922,26202,33576,29775,30715,0
9,-85,-22,15242,26176,33508,29865,30838,0
71,2,-1,15568,26176,33371,29805,30653,0
94,-21,-23,15584,26124,33337,29805,30591,0
6,-57,-18,15553,26124,33371,29805,30591,0
3,-6,-5,15537,26099,33371,29746,30530,0
-3,-5,24,15459,26099,33303,29746,30561,0
-22,-6,-14,15428,26099,33303,29627,30499,0
-159,29,55,15397,26047,33303,29627,30469,0
-56,28,23,15366,26073,33303,29657,30469,0
-39,29,-2,15288,26022,33236,29686,30530,0
-45,55,17,15288,26022,33269,29686,30408,0
-18,73,33,15013,25996,33337,29657,30499,0
25,55,19,14726,25971,33303,29657,30561,0
-2,5,17,14268,25869,33202,29479,30684,0
67,-26,47,13398,25742,33033,29391,30591,0
-95,9,23,13081,25666,32932,29421,30622,0
4,13,-14,13122,25616,32832,29421,30653,0
39,12,-37,13040,25540,32866,29391,30591,0
23,11,0,12824,25540,32866,29421,30591,0
21,0,2,12797,25540,32866,29391,30591,0
10,-5,2,12716,25591,32866,29391,30591,0
-11,8,-2,12596,25515,32799,29391,30499,0
64,-7,2,12163,25515,32832,29391,30561,0
35,20,-32,12372,25591,32899,29391,30591,0
3,10,-5,12864,25691,33405,29597,30622,0
-57,-11,-17,13013,25691,33645,29746,30715,0
-132,-46,-5,13849,25717,33645,29895,30530,0
-60,15,14,14696,25717,33576,29865,30499,0
-52,-7,0,14982,25717,33371,29746,30561,0
-5,-15,-2,14997,25691,33269,29627,30530,0
-7,0,13,14922,25691,33236,29657,30469,0
-22,2,-7,14922,25641,33100,29627,30438,0
16,10,3,14861,25616,32966,29568,30408,0
-15,11,-8,14577,25591,32899,29568,30438,0
34,-12,13,14846,25591,32832,29509,30347,0
18,-11,9,16615,25565,32799,29391,30286,0
-16,-2,8,18380,25490,32732,29391,30286,0
-1,3,-10,19043,25515,32699,29391,30286,0
8,23,-17,19458,25490,32699,29333,30256,0
-31,17,3,19650,25490,32799,29391,30195,0
8,12,1,19980,25490,32699,29304,30226,0
13,21,7,20335,25490,32699,29304,30256,0
0,15,6,20335,25465,32666,29274,30226,0
0,-8,15,20137,25465,32666,29333,30165,0
-13,14,12,19999,25490,32633,29274,30165,0
14,-12,0,20039,25465,32666,29216,30165,0
-18,-8,-1,20535,25440,32633,29274,30165,0
-9,4,-8,20415,25440,32633,29245,30165,0
-12,-4,0,20335,25440,32566,29245,30165,0
12,33,0,20176,25415,32533,29158,30105,0
4,10,3,19843,25365,32566,29245,30105,0
-3,-3,-7,19420,25390,32533,29216,30015,0
-20,-3,12,19080,25390,32500,29216,30045,0
15,36,-12,17915,25390,32500,29274,30105,0
-4,-2,-5,17220,25390,32500,29187,30045,0
19,-20,2,16549,25390,32500,29245,30015,0
22,67,-1,16044,25316,32435,29216,29984,0
24,30,17,15211,25341,32467,29274,29984,0
39,42,3,14562,25291,32435,29333,29984,0
-2,-21,14,14268,25291,32369,29333,29984,0
39,18,17,14108,25266,32369,29187,29925,0
12,-1,-3,14021,25241,32402,29187,30045,0
8,-28,-3,14108,25216,32271,29187,29984,0
13,16,-7,14801,25192,32303,29158,30045,0
-12,-20,2,15600,25192,32271,29129,30015,0
7,3,-2,16565,25192,32271,29129,30075,0
7,-2,-4,17634,25216,32369,29158,30105,0
-28,2,-8,17600,25216,32369,29100,30105,0
0,-3,-3,17582,25192,32566,29100,30045,0
-2,-22,-4,17634,25241,32765,29158,30015,0
-2,-50,6,17323,25266,32799,29129,30135,0
21,19,-8,17169,25291,32932,29042,30105,0
-21,-43,-18,17986,25291,32799,29042,30105,0
-14,5,2,19535,25291,32699,29042,30045,0
4,-10,-8,19344,25266,32633,29042,29984,0
5,-25,25,19325,25216,32765,28927,30105,0
-26,13,6,19155,25291,32866,29042,30015,0
13,51,-12,18968,25316,32932,29013,30015,0
1,-18,0,18820,25291,32799,28955,29984,0
26,23,3,18380,25216,32533,29013,29984,0
4,-6,2,18022,25192,32500,28927,29925,0
-24,10,-7,17933,25216,32435,28927,29805,0
-27,1,7,17272,25192,32435,28898,29805,0
8,-9,-11,16831,25192,32435,28898,29805,0
-2,-1,2,16093,25167,32402,28927,29746,0
9,-2,4,15553,25192,32369,28927,29775,0
13,-31,18,15074,25192,32435,28927,29775,0
11,-10,0,14876,25216,32435,28898,29686,0
-7,-26,24,14786,25192,32435,28927,29775,0
-11,31,18,14681,25142,32435,28927,29746,0
82,4,16,14444,25142,32402,28984,29746,0
167,-80,32,14079,25216,32566,29071,29805,0
-8,78,12,13964,25192,32500,29042,29775,0
-30,-7,4,13863,25216,32467,29013,29775,0
-20,5,9,13849,25192,32435,28984,29775,0
-25,-48,43,13806,25192,32467,29013,29775,0
5,15,-11,13566,25192,32500,28955,29746,0
24,15,-6,13454,25316,32566,28984,29716,0
11,-3,0,13398,25291,32633,28984,29746,0
6,32,-9,13398,25266,32599,28955,29716,0
1,-6,1,13412,25241,32599,28955,29746,0
5,-2,-6,13454,25241,32566,28955,29657,0
5,24,-1,13454,25291,32566,28927,29746,0
12,25,5,13538,25291,32566,28927,29657,0
39,3,3,13566,25216,32402,28984,29955,0
36,-31,2,13594,25192,32303,28955,29865,0
241,-14,-75,13679,25167,32303,28898,29805,0
-43,-15,21,13594,25192,32238,28898,29746,0
-39,-57,22,13622,25192,32566,28927,29716,0
88,-418,56,13679,25192,32566,28812,29746,0
95,-253,89,13665,25142,32369,28783,29686,0
51,-460,110,13679,25118,32271,28754,29627,0
-21,-139,19,13735,25093,32238,28726,29657,0
15,28,-22,13735,25093,32205,28754,29657,0
7,-1,7,13735,25118,32238,28726,29627,0
27,7,-40,13665,25093,32205,28726,29627,0
-28,27,0,13749,25044,32271,28754,29657,0
-33,-14,-3,13792,25044,32173,28754,29657,0
10,-4,9,14108,25019,32205,28754,29627,0
-9,7,16,14429,24995,32173,28754,29627,0
-47,-9,6,14846,24995,32238,28754,29746,0
-63,28,33,14846,25044,32369,28783,29925,0
-35,31,-1,15028,25093,32435,28812,29865,0
2,90,9,15242,25019,32336,28869,29775,0
-28,8,-5,15584,25044,32205,28754,29746,0
-22,11,-1,16417,25019,32173,28754,29746,0
-11,48,-32,17152,24995,32173,28697,29597,0
-34,37,-6,17237,25019,32173,28612,29509,0
7,265,-32,17152,25019,32205,28669,29568,0
-146,424,-62,17101,25019,32108,28612,29509,0
-253,725,-198,16748,24995,32140,28640,29450,0
-13,-48,-6,16499,24970,32140,28612,29479,0
29,-36,2,16352,24970,32173,28640,29421,0
-8,20,-9,16254,24946,32108,28612,29450,0
27,7,2,16222,24897,32010,28612,29421,0
44,36,12,16028,24897,32043,28697,29333,0
-30,26,29,15710,24921,31978,28754,29391,0
21,2,10,15521,24897,31978,28754,29391,0
-12,12,7,15242,24897,31978,28812,29450,0
26,17,5,14801,24897,32043,28955,29450,0
6,11,-14,14458,24848,32075,29042,29391,0
-18,-3,9,14224,24848,31978,29100,29391,0
44,-9,5,14021,24824,31978,29100,29274,0
76,-16,-10,13935,24848,31978,29100,29216,0
25,-59,-7,13878,24848,31817,29100,29274,0
2,-53,22,14036,24824,31752,28955,29158,0
2,-46,34,13978,24799,31720,28955,29100,0
68,-1335,131,14021,24824,31720,28840,29071,0
145,-47,63,14021,24775,31624,28812,29071,0
-39,36,-7,14007,24775,31656,28812,29042,0
-10,92,-6,13921,24702,31593,28812,29158,0
18,10,-6,13863,24727,31624,28754,29129,0
5,79,5,13863,24702,31624,28754,29071,0
2,41,-6,13849,24702,31624,28754,29100,0
8,15,2,13863,24702,31561,28754,29042,0
-17,15,10,13849,24702,31624,28754,29042,0
-20,17,4,13863,24727,31593,28754,29042,0
-6,-2,10,13863,24702,31656,28783,29013,0
-27,14,12,13892,24727,31978,28754,29129,0
-29,28,-3,13964,24727,32043,28754,29100,0
-17,13,-8,13964,24727,32043,28726,29071,0
6,-29,-5,14050,24727,32043,28754,29100,0
5,10,-5,14238,24727,31978,28726,29129,0
0,-11,-2,14108,24727,31785,28697,29362,0
75,35,-26,14036,24727,31752,28726,29274,0
-17,14,28,13978,24751,31752,28783,29568,0
131,56,-17,13964,24702,31720,28812,29627,0
123,81,-50,13992,24702,31849,29042,29686,0
25,-51,51,13792,24799,32108,29042,29775,0
-63,-23,67,13622,24897,32467,29158,29955,0
5,292,-88,13622,24799,32205,29042,29865,0
-101,256,-73,13636,24775,32075,28984,29835,0
-129,888,-300,13636,24751,32108,28984,29775,0
-102,189,-79,13650,24751,32108,28984,29805,0
-22,113,-41,13650,24727,32043,28927,29775,0
2,92,-37,13636,24727,32108,28840,29805,0
-7,101,-21,13622,24727,32108,28898,29746,0
-13,163,-23,13622,24727,32075,28927,29746,0
-12,41,-11,13622,24702,32108,28869,29686,0
-36,54,-24,13636,24702,32108,28927,29597,0
37,-35,-2,13580,24702,32075,28840,29657,0
119,-44,-15,13594,24702,32043,28869,29686,0
83,-64,12,13622,24678,31978,28812,29657,0
25,-324,46,13650,24630,31913,28812,29627,0
193,-355,97,13679,24630,31849,28754,29627,0
142,-366,240,13792,24606,31785,28754,29450,0
233,-155,10,13906,24630,31785,28697,29362,0
194,-179,128,14021,24606,31785,28697,29333,0
48,-121,102,14108,24606,31785,28754,29391,0
12,-24,10,14108,24558,31720,28754,29304,0
99,-16,0,14108,24582,31752,28697,29304,0
-3,19,-12,14108,24606,31720,28726,29333,0
31,-9,2,14122,24534,31720,28697,29391,0
38,-21,10,14137,24558,31656,28697,29274,0
2,-8,6,14137,24558,31688,28697,29245,0
-10,12,15,14108,24510,31688,28697,29304,0
-78,16,19,14021,24534,31656,28697,29216,0
-298,70,27,13964,24534,31624,28669,29216,0
-362,78,-37,13821,24534,31593,28640,29216,0
-317,228,-82,13707,24534,31593,28612,29216,0
-208,167,-34,13524,24534,31593,28612,29158,0
-275,131,-104,13510,24558,31624,28583,29100,0
-58,85,-134,13343,24558,31593,28640,29100,0
-49,73,-11,13315,24558,31624,28612,29042,0
81,50,-34,13301,24534,31593,28583,29013,0
20,43,-29,13260,24558,31593,28583,29042,0
47,95,-37,13622,24534,31593,28583,29042,0
-1,-24,11,14224,24558,31561,28527,28984,0
61,-7,-9,14488,24534,31529,28555,28955,0
4,-25,7,14488,24510,31561,28527,28984,0
61,-7,-7,14488,24510,31529,28527,29013,0
54,0,-1,14444,24510,31465,28470,28955,0
29,-4,0,14399,24534,31465,28470,28927,0
14,5,8,14399,24510,31529,28470,28869,0
-2,10,11,14253,24510,31465,28442,28955,0
3,-36,15,14108,24510,31402,28442,28869,0
135,-18,-23,14050,24510,31370,28385,28927,0
20,19,-30,13964,24486,31339,28470,28812,0
125,9,-45,13964,24438,31370,28385,28840,0
56,-15,17,14021,24438,31402,28470,28927,0
-22,-19,32,13964,24438,31370,28470,28927,0
-1,42,22,13906,24462,31276,28414,28840,0
11,-3,-54,13863,24438,31244,28385,28840,0
126,-107,51,14036,24438,31339,28812,29509,0
-18,-45,34,13878,24390,31307,28812,29216,0
-23,70,4,13906,24366,31276,28754,29071,0
-30,22,0,13835,24342,31213,28640,29042,0
-24,83,9,13792,24366,31276,28612,28927,0
-25,61,3,13735,24342,31276,28612,28955,0
20,18,5,13735,24366,31244,28583,28869,0
-23,4,-12,13735,24342,31307,28555,28984,0
27,18,-1,13707,24366,31244,28527,28869,0
27,20,35,13707,24318,31307,28498,28927,0
36,-12,23,13735,24390,31307,28527,28927,0
-17,11,-9,13693,24366,31339,28527,28927,0
31,-4,-12,13693,24366,31307,28470,28927,0
-3,-1,5,13650,24342,31339,28470,28869,0
10,-7,-3,13636,24366,31307,28470,28840,0
13,22,-5,13622,24342,31307,28470,28840,0
-22,12,14,13622,24176,31276,28726,29071,0
-19,-12,-6,13594,24366,31244,28470,28840,0
-6,24,8,13594,24366,31244,28442,28898,0
-29,40,56,13580,24318,31276,28470,28840,0
17,4,-7,20395,25118,11121,11453,11109,1
1,14,6,20335,25044,11024,11428,11096,1
7,-1,2,20315,24970,11133,11416,11084,1
-8,25,6,20275,24897,11121,11416,11084,1
6,4,-3,20256,24848,11024,11416,11072,1
-24,-8,1,20236,24751,11133,11428,11072,1
-4,-6,-32,20196,24702,11024,11403,11109,1
-7,9,-5,20196,24702,11133,11428,11072,1
-2,-14,28,20098,24630,11024,11416,11109,1
-9,19,2,20137,24582,11012,11416,11072,1
-24,-10,-23,20078,24534,10987,11403,11060,1
7,-10,-1,20078,24462,11096,11403,11060,1
-6,-25,4,20019,24414,11109,11403,10987,1
32,62,-32,19921,24342,10903,11304,10807,1
-29,8,12,19843,24294,10843,11219,10676,1
-2,-14,3,19805,24247,10831,11206,10629,1
10,14,-7,19766,24247,10903,11157,10594,1
29,7,4,19689,24199,10748,11036,10523,1
18,20,-4,19650,24176,10724,10987,10511,1
-15,6,-9,19458,24152,10629,10963,10499,1
38,32,-6,19401,24129,10605,10939,10488,1
103,-3,-23,19382,24058,10676,10915,10488,1
-20,-15,21,19382,24058,10664,10927,10499,1
7,-26,0,19382,24058,10582,10915,10488,1
-6,-31,-1,19325,23987,10617,10915,10488,1
-5,-4,-17,19344,24034,10617,10879,10488,1
27,6,-33,19325,23940,10605,10915,10488,1
14,-6,-16,19306,23940,10582,10915,10488,1
-5,-3,3,19306,23894,10629,10903,10464,1
-4,-14,14,19535,23824,10605,10915,10464,1
13,-34,24,20435,23615,10605,10915,10476,1
65,-86,22,21479,23615,10712,10879,10464,1
14,11,33,22887,23847,10676,10915,10488,1
17,0,2,23203,23847,10688,10915,10464,1
104,33,11,23431,23894,10724,10903,10488,1
-52,-7,28,24318,24034,10783,10915,10488,1
32,7,-10,24058,24034,10855,10903,10441,1
12,13,3,23684,23940,10843,10879,10441,1
-48,28,17,23203,23847,10819,10915,10464,1
9,-4,-2,22955,23800,10915,10915,10441,1
-118,-29,12,23135,23870,11231,10951,10453,1
16,27,1,22932,23847,11206,10927,10453,1
8,25,-2,22776,23800,11170,10939,10441,1
-31,20,8,22665,23754,11121,10963,10441,1
10,39,-6,22226,23707,10975,10927,10476,1
12,-11,-13,21967,23730,10915,10927,10488,1
67,-36,15,21903,23661,10915,10963,10605,1
-3,-14,6,21733,23661,10867,10975,10676,1
-5,-3,2,21711,23638,10987,10987,10688,1
3,-14,8,21648,23569,10855,11012,10629,1
-2,-23,9,21627,23592,10867,10975,10641,1
-28,-16,3,21627,23592,10831,10975,10641,1
54,-4,-4,21606,23522,10987,10987,10664,1
-16,-14,-2,21542,23522,10855,10975,10664,1
-24,-10,15,21500,23522,10975,11012,10641,1
-2,10,-8,21458,23522,10855,10987,10688,1
-92,-12,26,21416,23546,10867,11012,10748,1
-29,-5,7,21291,23569,10879,11060,10795,1
39,-5,38,21270,23454,10999,11072,10819,1
-47,-29,12,21208,23431,10987,11072,10783,1
-9,-1,3,21208,23431,10999,11072,10783,1
144,-70,-44,21229,23408,10879,11048,10771,1
136,-65,36,21312,23385,10915,11060,10771,1
24,-31,21,21416,23339,10903,11060,10771,1
179,-19,-97,21395,23339,10903,11060,10748,1
30,12,-15,21458,23339,10915,11072,10724,1
-315,78,46,21395,23362,10915,11060,10748,1
-73,92,-47,21291,23316,10963,11060,10724,1
-75,126,-62,21229,23339,10975,11072,10748,1
-53,56,-16,21208,23339,10987,11072,10736,1
-48,13,17,21187,23316,10963,11060,10748,1
22,-12,-10,21146,23294,11109,11060,10748,1
-16,0,43,21125,23294,11012,11060,10700,1
-62,23,21,21084,23294,11121,11060,10712,1
10,3,13,21125,23294,11012,11060,10700,1
-68,17,13,20961,23248,11036,11060,10700,1
-194,-251,153,21084,23225,11024,11060,10700,1
-31,-169,33,21043,23248,11012,11072,10700,1
22,-5,4,20920,23203,11012,11072,10700,1
36,-6,-10,20899,23203,11121,11084,10688,1
38,19,-4,20879,23203,11024,11060,10676,1
20,-25,7,20879,23180,11012,11072,10676,1
8,28,-1,20879,23157,11036,11060,10676,1
-69,1,25,20879,23157,11157,11084,10676,1
-9,-21,7,20879,23135,11024,11060,10676,1
4,79,-42,20838,23135,11121,11060,10700,1
27,-25,3,20879,23112,11133,11072,10688,1
-9,13,-5,20961,23044,11012,11072,10688,1
51,97,-46,20961,22910,10975,11060,10688,1
-78,187,-26,20737,22865,10975,11060,10664,1
44,230,-28,20636,22798,10963,11060,10653,1
12,17,-1,20636,22776,10975,11060,10676,1
5,-23,-3,20595,22776,11084,11048,10653,1
-11,-1,2,20555,22776,10975,11060,10641,1
16,29,-4,20555,22776,10975,11048,10676,1
5,-73,-13,20555,22754,10987,11060,10653,1
-18,-120,-30,20555,22776,10975,11060,10676,1
13,-17,6,20575,22754,11096,11060,10653,1
131,-376,83,20575,22754,10975,11036,10653,1
-13,27,-16,20636,22665,11096,11036,10629,1
-4,18,-28,20395,22621,11084,11060,10641,1
-9,7,-23,19382,22401,10879,11060,10629,1
6,-2,-11,18508,22313,10831,11060,10629,1
11,1,-6,17426,22096,10771,11060,10629,1
-27,-15,8,16915,21903,10724,11012,10582,1
9,59,-13,16483,21796,10748,10963,10570,1
7,33,11,16254,21775,10629,10939,10535,1
-15,-8,5,16157,21754,10700,10915,10499,1
14,8,8,16125,21754,10629,10927,10499,1
-14,31,-3,16076,21711,10629,10915,10511,1
-8,-6,7,16028,21711,10629,10915,10499,1
22,-2,-17,15900,21711,10688,10891,10511,1
10,-4,2,15900,21711,10605,10915,10499,1
15,1,-1,15741,21711,10629,10915,10499,1
-18,-46,-5,15900,21711,10712,10915,10499,1
-16,-5,-5,15726,21711,10629,10915,10488,1
39,8,3,16060,21733,10629,10915,10488,1
-12,2,-11,15837,21733,10641,10915,10488,1
-58,21,2,15900,21796,10688,10963,10499,1
-4,-23,-2,15900,21796,10700,10963,10499,1
-5,-15,-1,15837,21796,10724,10963,10535,1
-26,14,11,15837,21796,10819,10939,10499,1
-27,-11,6,15773,21754,10736,10963,10488,1
-7,6,15,15757,21796,10724,10963,10488,1
26,-26,-1,15726,21796,10819,10963,10488,1
-8,40,9,15773,21754,10712,10927,10453,1
-80,27,81,15932,21733,10653,10915,10488,1
0,-18,33,15980,21711,10653,10903,10453,1
0,25,15,15900,21627,10724,10915,10499,1
9,-12,38,15900,21627,10641,10891,10441,1
22,-11,5,15916,21648,10700,10891,10453,1
9,-12,12,15964,21648,10594,10867,10453,1
46,-10,-6,15964,21563,10582,10831,10464,1
51,-13,3,15900,21563,10653,10843,10464,1
-59,-21,4,15805,21584,10582,10819,10429,1
26,-16,10,15789,21690,10641,10819,10441,1
110,-20,-13,15805,21648,10582,10819,10453,1
105,-19,7,15868,21627,10570,10819,10441,1
33,-5,9,15932,21627,10570,10819,10418,1
-25,-14,15,15900,21606,10582,10819,10441,1
-14,-8,-29,15868,21584,10582,10819,10406,1
-26,31,2,15852,21627,10558,10831,10418,1
-17,-12,-6,15757,21627,10653,10831,10418,1
22,-14,-13,15837,21563,10582,10819,10441,1
-12,-1,11,15773,21584,10582,10843,10453,1
39,-3,-4,15789,21563,10582,10831,10429,1
16,5,-7,15789,21584,10582,10819,10441,1
-21,-15,-2,15837,21627,10570,10831,10441,1
-39,1,3,15868,21627,10653,10831,10441,1
16,3,-11,15964,21754,10582,10831,10418,1
-9,-1,-12,15900,21733,10594,10819,10441,1
-34,12,-15,15900,21754,10617,10843,10441,1
-6,-2,-7,15852,21796,10594,10819,10418,1
65,-6,-6,15837,21796,10605,10819,10441,1
3,5,-3,15884,21754,10594,10819,10453,1
32,46,-4,16028,21648,10605,10819,10441,1
-59,8,6,15916,21648,10605,10831,10418,1
-26,-29,14,16060,21648,10594,10819,10441,1
36,45,-21,15964,21669,10558,10819,10441,1
-71,4,35,15948,21690,10546,10783,10418,1
16,-58,20,15773,21648,10605,10771,10406,1
-12,-44,4,15615,21648,10546,10771,10406,1
-20,-42,7,15647,21627,10546,10771,10406,1
5,24,-5,15741,21627,10570,10783,10441,1
-24,-11,-6,15741,21584,10546,10795,10441,1
-36,-17,-10,15964,21818,10664,10819,10441,1
-28,27,-8,15948,21818,10605,10819,10418,1
-5,0,-1,16093,21796,10594,10819,10394,1
10,4,-6,16141,21796,10629,10831,10418,1
39,38,-1,16238,21754,10629,10819,10441,1
-9,15,16,16831,21733,10641,10819,10453,1
51,-41,10,18093,21860,10641,10819,10441,1
-12,-12,24,19458,21967,10748,10831,10441,1
-35,11,22,21167,22183,11317,10999,10488,1
0,-12,-3,21291,22183,11354,11024,10499,1
6,3,-12,21291,22161,11379,11012,10535,1
5,24,-4,21208,22161,11366,11012,10511,1
33,12,-9,20961,22140,11341,10999,10488,1
-20,17,-1,20920,22161,11329,10975,10499,1
0,-14,2,20920,22096,11317,10963,10488,1
-14,-13,-2,20757,22075,11304,10975,10499,1
-10,10,-11,20676,22053,11317,10975,10488,1
-22,12,-4,20636,21989,11329,10975,10488,1
0,-10,-5,20395,21989,11280,10987,10488,1
2,-9,-3,20236,21967,11255,10987,10499,1
-6,9,18,20157,21967,11255,10963,10476,1
-2,-9,12,20078,21989,11255,10963,10499,1
-2,13,16,20019,21967,11255,10963,10488,1
66,-31,-14,19921,21946,11157,10951,10476,1
9,-18,9,19612,21882,11060,10963,10488,1
-26,12,1,19843,21882,11096,10963,10488,1
19,12,-11,20435,21882,11133,10975,10488,1
1,-52,-13,20196,21903,11206,10975,10499,1
-38,37,13,17565,21627,11170,10963,10499,1
-15,26,9,16401,21648,11072,10987,10499,1
12,-1,-30,15837,21690,11072,10963,10476,1
19,-43,0,15537,21584,11121,10975,10499,1
-34,-3,-29,15475,21458,11157,10975,10511,1
1,22,17,15412,21375,11243,10975,10488,1
9,-26,3,15490,21043,11317,10987,10499,1
-9,-9,3,15773,20961,11280,10975,10499,1
-116,-42,26,15741,20961,11280,10987,10488,1
91,-33,-6,15647,20899,11036,10975,10476,1
11,6,-6,15647,20899,11012,10963,10488,1
-2,-19,-3,15741,20879,11012,10987,10488,1
47,17,-4,16076,20798,10963,10963,10488,1
7,32,-20,16060,20818,10975,10987,10488,1
-56,0,14,15789,20818,10975,10975,10499,1
-5,-13,-13,15584,20757,10963,10975,10488,1
4,24,-8,15584,20656,11072,10963,10499,1
-21,-9,2,15663,20636,10963,10939,10499,1
-19,-15,6,15694,20636,11060,10963,10488,1
-44,-22,-13,15710,20615,10939,10963,10464,1
-48,0,-5,15584,20595,10975,10975,10488,1
35,8,7,15615,20636,10939,10927,10464,1
63,8,-5,15710,20636,10819,10915,10453,1
-21,-30,27,16028,20575,10771,10843,10464,1
-43,-24,-1,16028,20555,10688,10855,10488,1
-3,-11,7,15964,20555,10688,10843,10488,1
-45,-29,1,15837,20555,10759,10867,10488,1
-6,0,1,15789,20555,10676,10867,10488,1
-7,23,-25,15837,20535,10771,10867,10453,1
-17,-31,6,15726,20555,10700,10891,10488,1
-32,-8,-3,15789,20555,10795,10915,10488,1
31,3,-3,15789,20575,10807,10903,10488,1
-4,12,12,15868,20595,10724,10915,10499,1
51,-29,-6,15837,20575,10724,10915,10488,1
20,0,8,15789,20636,10712,10891,10511,1
26,23,0,15773,20575,10807,10891,10488,1
1,-23,6,15852,20575,10724,10915,10488,1
-33,-16,20,15852,20575,10807,10915,10488,1
-27,-30,6,15852,20595,10712,10915,10511,1
0,6,2,15837,20575,10712,10915,10535,1
38,5,-3,15837,20595,10724,10927,10523,1
-10,0,-7,15868,20615,10724,10915,10523,1
70,15,-12,16287,20595,10819,10915,10523,1
4,-7,-13,16565,20515,10700,10915,10535,1
-50,-15,8,16731,20515,10807,10891,10535,1
14,11,-6,16632,20495,10795,10915,10488,1
7,0,-6,16632,20515,10724,10915,10511,1
-6,1,-11,16615,20535,10700,10915,10499,1
-41,-29,-9,14007,20295,10795,10915,10488,1
-31,15,-7,13566,20275,10819,10879,10499,1
9,8,-3,14607,20157,10748,10903,10535,1
14,22,3,15350,20157,10771,10891,10511,1
8,10,2,15647,20157,10783,10879,10499,1
-3,25,6,15663,20117,10783,10915,10488,1
2,-6,0,15615,20098,10783,10879,10499,1
-1,-41,-3,14195,19960,10771,10891,10488,1
-12,-17,-10,13863,19863,10771,10891,10488,1
4,-9,-13,13693,19805,10771,10903,10488,1
3,3,-14,13594,19824,10879,10915,10499,1
-14,16,7,13566,19805,10867,10891,10488,1
-26,-17,-2,13538,19805,10771,10951,10499,1
-2,1,-9,13510,19766,10771,10879,10499,1
-14,-7,-4,13538,19824,10771,10891,10488,1
4,21,-14,13524,19824,10867,10891,10499,1
9,18,-3,13524,19805,10759,10879,10488,1
-33,-51,-19,13538,19785,10771,10915,10499,1
-1,13,-11,13524,19785,10771,10879,10488,1
15,9,-2,13538,19805,10771,10903,10488,1
12,25,-19,13693,19805,10867,10879,10488,1
-14,12,3,14021,19863,10879,10915,10488,1
29,-15,2,15319,19980,10771,10891,10488,1
8,-9,1,15900,19999,10771,10915,10488,1
10,25,-27,16060,20078,10771,10879,10499,1
-9,-10,5,15980,20058,10771,10891,10488,1
12,-12,-9,15900,19999,10748,10891,10488,1
-13,-17,-2,15868,20039,10771,10879,10488,1
9,-15,9,15900,20039,10771,10915,10488,1
-1,-8,-1,15932,20019,10771,10879,10488,1
-5,-9,1,15884,19999,10771,10879,10488,1
6,6,13,15900,20039,10771,10915,10441,1
-7,43,-34,15932,20019,10867,10879,10464,1
2,0,0,15900,19980,10771,10879,10476,1
-1,4,6,15932,20019,10748,10915,10488,1
8,-11,11,15900,19999,10867,10879,10488,1
-10,-46,5,15932,20019,10927,10963,10499,1
-119,-20,12,15932,19999,11024,10999,10499,1
-28,-13,7,15916,19999,11121,10999,10464,1
-13,-7,17,15868,20019,11157,10987,10488,1
-37,-5,-1,15789,20019,11478,10963,10488,1
-462,97,-7,15837,20039,11453,10987,10488,1
7,-2,-22,15837,20019,11416,10987,10476,1
36,54,-67,15837,19999,11416,10975,10476,1
-51,62,-75,15837,20039,11403,10975,10476,1
-18,-1,-25,15789,19999,11391,10963,10488,1
-41,-33,9,15789,19999,11403,10963,10488,1
-31,-7,-6,15773,20019,11453,10987,10488,1
-2,16,8,15741,20039,11453,10975,10499,1
-48,-14,17,15789,20019,11428,11012,10488,1
-44,-21,73,15900,20058,11255,11012,10511,1
-36,-79,39,16093,20157,11072,11036,10582,1
20,-55,8,16060,20157,11145,11024,10582,1
1,1,-1,16028,20117,11036,11036,10582,1
-7,9,-5,15964,20157,11036,11024,10558,1
31,7,-14,15980,20157,11036,11012,10582,1
31,13,-16,15964,20098,11133,11012,10582,1
2,2,3,15932,20098,11060,11012,10546,1
-33,10,7,15964,20078,11048,10975,10570,1
-62,4,-1,16044,20078,11133,10975,10535,1
-31,4,16,15996,20039,11157,10975,10535,1
-27,33,17,16238,20058,11036,10939,10511,1
23,17,36,16417,20019,10867,10927,10499,1
39,67,-5,16549,19999,10819,10915,10488,1
29,81,-8,16549,19960,10819,10915,10488,1
-17,-32,14,16681,19921,10831,10915,10488,1
27,-15,-4,17933,20058,10843,10915,10441,1
28,-53,6,18727,19999,10819,10891,10453,1
-31,-2,-9,19174,19960,10783,10915,10464,1
-7,-9,-2,19497,20058,10819,10915,10488,1
-16,-3,1,19231,19999,10843,10891,10488,1
9,11,-9,18931,19960,10843,10879,10488,1
0,15,-8,18709,19882,10831,10879,10453,1
6,9,0,18453,19843,10807,10879,10453,1
20,22,-13,18254,19843,10819,10879,10453,1
-3,41,3,18111,19805,10867,10891,10464,1
-91,-27,11,18093,19843,11072,10891,10488,1
15,-10,-2,17968,19843,11145,10891,10453,1
13,13,0,17933,19843,11157,10903,10453,1
-17,8,-8,17880,19921,11133,10915,10476,1
3,35,-2,17792,19999,11121,10891,10441,1
31,-5,4,17757,19960,11109,10879,10441,1
8,-13,-7,17704,19960,11121,10879,10499,1
-51,17,-21,17634,20019,11133,10915,10453,1
-5,39,7,17582,19941,11109,10915,10453,1
-15,-12,1,17513,19941,11182,10927,10464,1
-55,-26,-6,17495,19980,11121,10915,10453,1
-17,27,-17,17495,19941,11121,10927,10476,1
-11,7,-13,17426,19960,11121,10915,10464,1
0,23,-3,17426,19941,11121,10915,10441,1
9,-13,-3,17392,19960,11194,10915,10453,1
-26,-16,-26,17392,19941,11121,10915,10441,1
81,-51,-23,17392,19941,11109,10915,10441,1
-23,26,4,17704,19921,11121,10915,10453,1
19,-3,-1,18022,19921,11182,10927,10441,1
27,34,7,17915,19863,11170,10915,10464,1
8,-19,3,17792,19863,11109,10915,10464,1
11,-11,18,17757,19882,11182,10915,10453,1
10,2,-1,17704,19843,11194,10927,10476,1
2,27,-2,17704,19921,11121,10927,10453,1
-10,29,-4,17704,19882,11133,10927,10441,1
11,11,-7,17669,19863,11133,10915,10441,1
-36,-5,-1,17669,19863,11121,10915,10441,1
-4,-6,1,14577,10186,33991,27581,24058,2
-27,8,10,14518,10186,33887,27581,24058,2
-13,-24,6,14488,10186,33921,27581,24058,2
7,3,-3,14503,10163,33921,27581,24081,2
-1,15,1,14503,10197,33921,27554,24105,2
-10,8,-13,14518,10163,33956,27581,24058,2
-36,16,17,14503,10163,33887,27554,24318,2
-2,-12,1,14488,10163,33887,27581,24129,2
56,2,-29,14429,10163,33991,27527,24129,2
29,-4,-18,14444,10152,33887,27527,24129,2
-10,-12,24,14429,10140,33921,27499,24105,2
78,-14,-33,14532,10163,33887,27472,24129,2
1,-4,-13,14503,10129,33887,27499,24058,2
-41,-7,22,14547,10129,33887,27527,24129,2
-19,7,8,14458,10152,33887,27472,24129,2
-1,9,7,14562,10140,33887,27527,24081,2
1,-31,15,14666,10152,33852,27472,24152,2
30,-5,15,14607,10140,33887,27418,24129,2
-16,-27,35,14532,10129,33817,27499,24129,2
22,16,-13,14488,10129,33887,27499,24129,2
-45,8,17,14488,10117,33921,27445,24105,2
-28,36,20,14562,10106,33921,27472,24058,2
41,41,-17,14607,10071,34026,27472,24058,2
-58,3,31,14547,10083,34060,27418,23987,2
26,45,-54,14488,10071,34026,27391,23987,2
-1,13,-18,14444,10060,33956,27418,23964,2
26,20,-11,14429,10071,33956,27364,23940,2
34,-25,-4,14385,10071,33887,27391,23917,2
-22,-2,-15,14326,10049,33783,27391,23940,2
0,7,-4,14297,10060,33748,27256,23917,2
-12,-10,-6,14268,10071,33748,27283,23847,2
-13,17,5,14297,10071,33748,27337,23870,2
10,18,-15,14253,10049,33714,27310,23870,2
-23,-4,4,14253,10071,33714,27283,23847,2
-22,0,8,14311,10060,33679,27337,23847,2
-46,-20,23,14385,10071,33679,27283,23847,2
29,-11,-14,14385,10071,33645,27283,23847,2
50,-7,-25,14488,10071,33576,27283,23894,2
20,-14,16,14607,10071,33611,27256,23847,2
52,-125,0,14607,10071,33542,27256,23870,2
-10,-25,10,14488,10071,33405,27229,23847,2
8,-34,-4,14429,10140,33439,27256,23870,2
16,-56,-3,14385,10174,33439,27202,23800,2
38,0,-5,14429,10163,33439,27202,23847,2
25,-1,9,14429,10174,33439,27202,23894,2
63,-24,-13,14414,10163,33439,27229,23894,2
-19,-21,-5,14385,10129,33371,27229,23917,2
-6,-28,15,14429,10129,33371,27229,23870,2
31,-41,-6,14385,10106,33337,27229,23870,2
-7,-38,-5,14385,10094,33337,27229,23870,2
-32,1,0,14370,10106,33303,27202,23870,2
28,-8,3,14414,10083,33236,27202,23917,2
-7,1,6,14385,10071,33168,27175,23894,2
-12,12,7,14385,10094,33168,27175,23870,2
-9,-3,1,14429,10094,33100,27148,23870,2
27,-13,-10,14385,10071,33100,27202,23870,2
-3,9,-7,14326,10083,33033,27148,23847,2
-18,-11,0,14385,10083,33067,27175,23847,2
0,-5,1,14385,10071,33033,27175,23894,2
6,1,-4,14311,10094,33033,27202,23847,2
-2,-68,16,14268,10083,32966,27175,23870,2
-32,-45,9,14253,10094,32799,27148,24129,2
-6,-39,2,14195,10083,32799,27122,24390,2
-30,-10,-4,14122,10083,32765,27068,24152,2
27,7,-3,14108,10071,32765,27122,24058,2
15,11,-12,14079,10083,32732,27095,24034,2
22,3,-8,13992,10083,32633,27041,23964,2
11,4,-4,13978,10083,32599,27015,24011,2
9,10,-4,14050,10383,32566,27041,23964,2
54,-63,17,14577,10094,32732,27041,23987,2
30,-2,-8,14636,10083,32666,26988,23940,2
-22,6,-3,14151,10071,32599,26961,23940,2
-2,4,-8,13454,10083,32566,26961,23917,2
9,-8,-7,12864,10037,32566,26935,23917,2
5,-11,2,12543,10037,32599,26935,23870,2
18,8,-9,12320,10049,32633,26882,23847,2
-34,6,11,12112,10026,32533,26829,23777,2
-25,-12,-2,11830,10003,32402,26723,23684,2
-24,-5,-4,11678,10348,32238,26618,23684,2
-28,22,-1,11565,10037,32238,26566,23615,2
91,66,-48,11578,10037,32205,26513,23661,2
-21,-4,-47,11565,10026,32173,26513,23569,2
-80,-42,-29,11553,10037,32140,26409,23522,2
9,-23,-7,11528,10037,32108,26409,23499,2
-11,7,-38,11553,10037,32108,26409,23499,2
1,12,-18,11553,10026,31978,26409,23477,2
0,12,16,11528,10049,32043,26357,23499,2
-8,10,0,11528,10037,32043,26409,23499,2
7,-21,8,11528,10026,31978,26331,23431,2
5,2,-3,11503,10049,31978,26357,23431,2
14,-11,7,11478,10026,31978,26357,23431,2
21,-16,-5,11478,10026,32010,26331,23431,2
4,-4,2,11478,10026,32010,26357,23477,2
8,28,3,11503,10348,31978,26331,23431,2
11,12,2,11515,10026,31946,26331,23431,2
1,8,1,11515,10037,31913,26253,23454,2
-3,-12,5,11540,10014,31881,26253,23431,2
32,-6,7,11665,10026,31881,26202,23431,2
8,-15,10,11678,10348,31817,26202,23431,2
3,-8,5,11653,10026,31752,26176,23431,2
-12,-10,24,11603,10049,31785,26176,23431,2
23,-24,-8,11565,10049,31752,26124,23431,2
20,-10,2,11578,10037,31720,26176,23431,2
18,-9,1,11578,10037,31720,26124,23431,2
18,-16,-10,11603,10049,31785,26150,23385,2
13,-4,-3,11578,10049,31720,26124,23431,2
21,-2,-1,11565,10026,31720,26124,23316,2
34,-10,-9,11653,10037,31720,26150,23431,2
4,12,-1,11653,10037,31688,26150,23431,2
-23,5,-2,11603,10325,31785,26202,23477,2
2,-6,-1,11653,10049,31913,26279,23569,2
42,14,-18,11741,10026,31881,26357,23661,2
-13,-16,4,11855,10026,32010,26566,24247,2
14,-38,40,12073,10049,32369,27283,25216,2
9,45,2,12280,10037,32832,28245,26829,2
-21,7,11,12438,10026,33100,29071,27691,2
8,6,8,12583,10071,33405,29333,27364,2
-30,32,6,12490,10049,33033,28840,27041,2
20,45,-2,12398,10037,32966,28498,26723,2
-22,-42,-8,12424,10049,32899,28442,26618,2
13,11,0,12411,10037,32765,28245,26461,2
13,0,-2,12424,10060,32666,28133,26383,2
4,-10,-4,12424,10037,32666,28133,26331,2
17,-17,4,12438,10037,32666,28133,26331,2
11,-16,3,12451,10037,32633,28133,26331,2
0,28,-2,12477,10037,32566,28105,26228,2
12,-8,12,12438,10049,32533,28077,26305,2
62,18,-10,12477,10049,32533,28077,26331,2
14,-39,7,12636,10359,32435,28049,26487,2
15,-28,-12,12918,10049,32303,27911,26513,2
28,-90,20,13849,10117,32271,27883,26513,2
-11,12,-8,14224,10117,32303,27800,26566,2
-14,34,-21,14151,10117,32173,27828,26513,2
18,-63,2,14036,10117,31978,27691,26487,2
-28,-74,37,14064,10117,31624,27391,26566,2
3,-68,14,13906,10117,31213,27068,26409,2
-47,-95,19,13863,10406,30962,26961,26305,2
-44,9,2,13906,10117,30776,26749,26202,2
-4,-22,23,13906,10117,30715,26749,26124,2
13,-25,13,13821,10117,30653,26723,26099,2
-9,-36,28,13778,10140,30684,26644,25996,2
0,-2,-17,13764,10129,30715,26644,25920,2
-18,-10,14,13735,10129,30715,26618,25869,2
19,-58,9,13580,10117,30745,26435,25591,2
65,14,-10,13552,10117,30715,26435,25515,2
40,-53,21,13679,10117,30438,26409,25591,2
13,-21,-8,13749,10129,30286,26305,25616,2
-31,15,-13,13693,10117,30165,26202,25591,2
57,4,-14,13693,10140,30105,26150,25591,2
17,-6,8,13622,10117,30105,26099,25490,2
1,3,-2,13580,10117,30075,26124,25490,2
-2,26,-3,13594,10117,30015,26099,25490,2
16,-16,-14,13580,10117,30045,26099,25415,2
9,-16,17,13566,10117,29984,26073,25390,2
15,-43,13,13510,10117,30075,26022,25341,2
-10,-14,-9,13412,10117,30045,26073,25341,2
-10,2,-2,13232,10117,30045,26022,25291,2
-40,46,-10,12267,10094,30015,26022,25241,2
-11,18,0,11553,10071,30165,25996,25192,2
-24,38,3,11341,10049,30226,25945,25142,2
-14,20,3,11255,10071,30165,25920,25044,2
4,-17,0,11231,10359,30135,25818,25044,2
2,-9,5,11206,10049,30165,25843,24946,2
0,-17,-1,11206,10071,30165,25843,24946,2
-15,4,6,11170,10049,30105,25818,24995,2
-13,9,31,11255,10037,30105,25818,24921,2
1,-1,-14,11157,10071,30015,25742,24824,2
-15,1,-1,11109,10071,29984,25717,24848,2
9,-9,1,11109,10371,29984,25717,24799,2
20,-33,2,11084,10071,29955,25691,24824,2
11,10,12,11060,10049,29984,25717,24799,2
32,-28,-19,11036,10071,29984,25717,24775,2
-10,9,-3,11060,10049,29984,25691,24799,2
3,18,-2,11012,10037,30045,25691,24751,2
-11,14,7,11012,10037,29984,25691,24751,2
-37,34,-20,11072,10049,30015,25691,24727,2
10,4,-4,11072,10037,29955,25691,24727,2
18,27,25,11072,10049,29984,25641,24630,2
8,-9,-2,11060,10049,29746,25666,24630,2
-7,8,-11,11012,10037,29686,25641,24630,2
12,15,0,10975,10026,29657,25666,24606,2
-6,15,-5,10963,10037,29657,25641,24606,2
-9,4,1,10927,10348,29657,25591,24582,2
-24,17,4,10927,10049,29686,25616,24534,2
-22,8,0,10879,10037,29716,25641,24534,2
-30,1,-14,10819,10049,29746,25641,24510,2
-13,5,-6,10771,10026,30105,25591,24510,2
69,-92,36,11072,10049,30226,25616,24510,2
22,-51,31,12124,10026,30256,25717,24582,2
-42,-17,10,13013,10037,30105,25793,24702,2
39,-78,13,13315,10071,30105,25843,24702,2
20,-12,5,13580,10071,30105,25894,24824,2
17,-80,26,13594,10060,30045,25818,24897,2
46,-46,12,13636,10071,29865,25793,24824,2
3,7,6,13566,10037,29775,25691,24727,2
0,-1,-18,13566,10037,29627,25440,24606,2
27,46,-43,13371,10049,29274,25266,24438,2
28,-25,-15,13343,10359,29042,25192,24414,2
81,-7,-35,13260,10071,28927,25093,24342,2
4,4,-5,13150,10083,28840,25044,24271,2
-10,49,-15,13068,10083,28840,24995,24271,2
13,30,-13,13040,10071,28783,25044,24247,2
18,46,-64,12959,10071,28840,24995,24247,2
-5,-33,3,12864,10071,28927,24970,24152,2
19,2,16,12864,10071,28812,24970,24223,2
-42,45,-15,12837,10071,28812,24946,24176,2
17,-1,1,12797,10071,28812,24921,24129,2
38,-29,14,12770,10071,28726,24921,24129,2
-25,26,-10,12743,10071,28754,24921,24105,2
12,-13,7,12743,10071,28783,24946,24129,2
-4,-14,-1,12783,10071,28840,24946,24129,2
-5,35,-7,12743,10071,28812,24921,24129,2
-24,24,11,12756,10071,28840,24897,24081,2
19,-22,-23,12743,10071,28840,24897,24129,2
-9,45,-6,12743,10060,28869,24921,24129,2
-15,39,-33,12703,10071,28812,24946,24129,2
22,-17,6,12703,10083,28869,24897,24034,2
-82,0,-13,12716,10083,28812,24897,24058,2
15,30,-17,12743,10071,28812,24897,24058,2
4,34,-47,12770,10060,28984,24897,24058,2
21,54,-28,12756,10117,29274,24897,24081,2
0,5,13,12730,10129,29216,24848,24081,2
7,5,-12,12676,10117,29071,24848,24058,2
21,-11,6,12690,10117,28840,24897,24034,2
-28,15,-10,12649,10117,28640,24848,24058,2
-35,-45,12,12649,10117,28612,24824,23987,2
-69,-18,-1,12530,10094,28754,24824,23964,2
-18,-1,9,12009,10049,28927,24824,23894,2
-57,-16,13,11416,10348,29042,24824,23894,2
-36,-7,5,11060,10026,29129,24799,23777,2
18,-23,10,10963,10336,28984,24727,23569,2
22,-31,6,10963,10026,28869,24630,23477,2
10,-8,14,10927,10026,28583,24462,23294,2
25,30,-1,10915,10026,28583,24366,23203,2
-8,32,3,10867,10026,28527,24271,23067,2
10,0,7,10831,10026,28527,24247,23022,2
-4,2,11,10819,10026,28470,24247,23044,2
-3,3,17,10748,10026,28498,24223,23022,2
-23,-6,21,10700,10003,28414,24223,22977,2
18,-13,1,10676,10026,28357,24247,23044,2
4,-18,16,10641,10026,28414,24318,23090,2
10,-18,2,10594,10026,28385,24630,23615,2
11,-47,20,10499,10003,28498,25019,24247,2
58,-131,16,10476,10026,28527,25490,25691,2
5,-92,7,10441,10003,28612,25691,26618,2
148,-10,-9,10406,10014,29071,26409,27527,2
31,-4,-2,10371,10026,29450,26644,27911,2
14,-3,8,10325,10026,29746,26592,27773,2
46,36,-12,10325,10026,29627,26644,27800,2
3,30,-16,10325,10325,29597,26566,27691,2
16,52,-15,10325,9969,29538,26566,27581,2
23,15,-3,10336,10014,29538,26513,27527,2
7,14,0,10313,10003,29568,26435,27391,2
13,25,-15,10313,10003,29597,26435,27310,2
-15,54,-30,10301,10003,29627,26461,27283,2
-9,3,4,10301,10014,29657,26461,27283,2
-2,8,-4,10325,10003,29686,26461,27256,2
3,-4,4,10313,10026,29716,26383,27148,2
8,2,0,10301,10014,29657,26409,27095,2
-7,7,3,10301,10003,29686,26305,26961,2
-4,-12,2,10301,9980,29657,26305,26988,2
-6,-1,-6,10301,10003,29657,26228,26935,2
0,33,-3,10301,10325,29657,26305,26935,2
14,-12,27,10290,10014,29657,26253,26829,2
-1,16,-17,10301,10026,29657,26202,26829,2
-9,20,-4,10278,10026,29657,26202,26776,2
-24,3,5,10278,10003,29627,26202,26749,2
-11,7,-7,10278,10003,29627,26228,26723,2
-13,-8,5,10267,10026,29627,26202,26670,2
17,14,4,10301,10014,29627,26150,26618,2
-19,28,1,10301,10026,29627,26202,26592,2
-42,-6,-1,10278,10026,29925,26124,26539,2
-30,36,0,10267,10026,30015,26099,26435,2
-15,-11,28,10290,10026,30165,26099,26253,2
-24,-38,14,10278,10026,30286,26047,26022,2
-11,-6,10,10290,10003,30195,25996,25742,2
13,9,3,10290,10026,30256,25894,25666,2
5,27,1,10290,10026,30195,25894,25591,2
7,1,6,10278,10026,30195,25894,25616,2
-55,22,-28,10383,10026,30286,25869,25565,2
-12,-6,0,10535,10026,30438,25818,25440,2
-72,5,-24,10653,10014,30377,25793,25241,2
-35,-26,-76,10927,10014,30408,25742,24970,2
-75,9,-40,10891,10003,30622,25666,24799,2
23,5,-12,10819,10014,30499,25540,24654,2
0,14,6,10771,10026,30530,25565,24606,2
24,7,10,10724,9980,30469,25515,24534,2
-4,26,-13,10700,10026,30408,25540,24534,2
7,-6,0,10700,10026,30408,25540,24534,2
-7,-1,3,10664,10026,30408,25490,24510,2
-15,27,4,10629,10003,30377,25515,24510,2
2,7,5,10629,10026,30286,25490,24486,2
20,10,24,10629,10003,30317,25490,24606,2
-1,-12,2,10605,10003,30408,25490,24510,2
11,25,-7,10594,10026,30499,25465,24510,2
46,-7,-20,10594,10026,30347,25415,24486,2
26,-18,-14,10605,10026,30377,25440,24462,2
-6,24,22,10582,10003,30408,25415,24462,2
2,21,1,10582,10026,30408,25440,24438,2
6,24,-1,10558,10003,30408,25390,24414,2
21,-18,7,10594,10003,30408,25390,24751,2
-1,-4,-7,10594,10026,30347,25390,24606,2
-9,-8,-2,10582,10026,30408,25341,24606,2
0,5,-9,10582,10026,30377,25365,24606,2
-6,6,11,10546,10325,30408,25390,24534,2
38,7,-14,10535,10026,30408,25341,24558,2
16,-21,3,10546,10313,30377,25316,24558,2
-4,-3,-18,10535,10037,30347,25390,24534,2
62,-6,-25,10535,10325,30377,25341,24510,2
-16,6,-11,10546,10026,30377,25316,24534,2
20,-1,-14,10535,10336,30377,25341,24462,2
2,10,-5,10546,10026,30408,25316,24510,2
25,-19,2,10535,9980,30377,25341,24462,2
20,-6,-14,10535,10026,30438,25341,24462,2
14,5,-6,10523,10037,30408,25341,24462,2
22,-8,6,10535,10026,30438,25291,24510,2
-7,-10,9,10523,10026,30347,25316,24534,2
1,3,0,10535,10037,30347,25291,24462,2
-15,18,-1,17634,10049,10783,33168,30256,3
-4,1,5,17582,10049,10903,32932,30165,3
5,5,-10,17565,10071,10891,32866,30045,3
-21,18,5,17547,10071,10891,32765,30045,3
11,-1,-20,17495,10037,10903,32633,30045,3
9,8,-7,17461,10049,10783,32566,30165,3
29,25,-6,17443,10049,10903,32500,30347,3
15,-35,-9,17426,10049,10783,32435,30377,3
8,13,8,17374,10037,10915,32402,30377,3
24,-37,16,17357,10071,10795,32303,30286,3
-16,-19,5,17357,10049,10795,32205,30226,3
7,40,-16,17306,10071,10783,32140,30135,3
80,17,-50,17101,10049,10783,32043,30075,3
34,-21,-19,17050,10060,10795,32010,29895,3
2,18,9,17084,10049,10795,31913,29627,3
-36,-6,-5,17084,10071,10867,31785,29538,3
59,-56,-55,17237,10106,11012,31720,29216,3
-31,7,8,17323,10106,11060,31720,28955,3
19,15,-19,17513,10163,11206,31624,28927,3
83,-5,-62,17652,10140,11268,31593,28812,3
-41,-10,0,17845,10163,11268,31561,28414,3
30,-7,-16,18004,10186,11280,31465,28329,3
-43,-1,7,18004,10163,11268,31307,28245,3
-36,-3,14,17845,10163,11268,31276,28161,3
15,17,8,17774,10163,11255,31244,28133,3
10,21,-19,17722,10163,11255,31087,28022,3
24,52,-29,17669,10140,11243,31087,28022,3
34,17,-7,17617,10163,11206,31087,27911,3
11,70,-32,17565,10140,11231,31025,27828,3
79,68,18,17443,10174,11194,30994,27800,3
-97,-284,165,17513,10163,11182,30900,27856,3
28,43,-75,17426,10129,11121,30900,27800,3
27,179,-65,17306,10140,11170,30838,27691,3
115,319,-96,17152,10117,11109,30807,27691,3
93,231,-39,16949,10117,11170,30838,27581,3
33,32,17,16882,10117,11072,30838,27581,3
66,64,-1,16882,10117,11084,30715,27472,3
22,8,24,16831,10129,11060,30745,27527,3
17,48,-27,16831,10117,11060,30715,27445,3
-72,18,-16,16831,10418,11060,30715,27472,3
-28,61,-9,16831,10117,11060,30684,27391,3
33,65,9,16831,10117,11060,30591,27391,3
-34,-5,-19,16698,10106,11145,30591,27283,3
-18,16,6,16715,10106,11060,30561,27310,3
7,8,-6,16681,10117,11157,30530,27283,3
8,18,-15,16715,10129,11048,30561,27256,3
16,-14,-22,16698,10117,11121,30469,27256,3
-10,-3,10,16731,10117,11060,30469,27256,3
-30,-64,22,16665,10117,11170,30469,27148,3
-22,-48,21,16731,10418,11109,30408,27148,3
-39,-56,33,17016,10106,10975,30469,27095,3
29,-15,5,17033,10106,10915,30438,26961,3
11,-7,15,16949,10071,10891,30408,26935,3
9,5,0,17050,10394,10867,30408,26855,3
-45,1,17,16915,10071,10867,30377,26882,3
-1,21,-19,16815,10083,10987,30347,26802,3
52,-77,15,16681,10083,11012,30377,26723,3
152,-163,42,16352,10106,10867,30408,26723,3
-53,-21,-4,16206,10140,10831,30347,26670,3
-7,-2,-13,16238,10278,10927,30286,26644,3
50,3,-10,16238,10186,10795,30165,26644,3
-10,26,-2,16093,10174,10903,30105,26644,3
-7,13,10,16125,10163,10771,30105,26618,3
-3,3,3,16157,10163,10891,30075,26566,3
-13,18,-4,16125,10163,10783,29984,26566,3
-22,7,2,16125,10163,10771,30015,26566,3
15,-17,-4,16173,10140,10748,29984,26566,3
10,9,3,16157,10140,10748,29984,26566,3
-25,-11,0,16157,10429,10748,29984,26618,3
-4,-40,-2,16189,10174,10771,29925,26513,3
58,-127,23,16549,10523,10783,29865,26566,3
13,-36,20,17392,10464,10951,29865,26461,3
16,16,5,17774,10535,10867,29865,26487,3
-6,34,-4,17722,10546,10867,29775,26566,3
29,3,-9,17600,10558,10867,29657,26487,3
46,-2,-9,17565,10535,10867,29805,26487,3
15,10,18,17915,10546,10867,29775,26435,3
21,24,-4,18417,10582,10891,29686,26435,3
-17,32,-3,18562,10594,10999,29716,26513,3
2,8,-3,18344,10570,10891,29746,26513,3
-1,28,-7,18075,10558,10987,29657,26513,3
-3,16,-1,17986,10676,10867,29568,26461,3
2,21,4,17652,10523,10951,29597,26383,3
28,-21,11,17565,10464,10819,29568,26357,3
42,28,2,17461,10348,10783,29391,26253,3
-2,29,-5,17374,10348,10795,29333,26305,3
10,30,-26,17289,10313,10903,29421,26202,3
-30,-6,7,17152,10301,10903,29333,26279,3
-15,2,-1,17084,10301,10783,29216,26253,3
14,40,-5,17033,10301,10795,29274,25996,3
-17,-16,1,17254,10313,10903,29391,25920,3
-27,-3,-7,17357,10301,10795,29274,25945,3
-4,71,-3,17634,10313,10903,29627,25971,3
-5,34,-2,17443,10348,10879,29746,25945,3
-16,13,-1,17357,10371,10915,29716,25894,3
20,-34,12,17357,10418,11012,29597,25818,3
23,-74,34,18022,10499,11157,29597,25818,3
-2,-33,11,18417,10582,11255,29568,25742,3
21,20,-7,19573,10771,11354,29391,25818,3
24,-11,4,19689,10831,11403,29362,25742,3
17,-4,-9,19612,10819,11416,29421,25793,3
27,17,-7,19306,10771,11366,29333,25793,3
5,38,-4,19155,10771,11354,29274,25742,3
-13,5,0,19155,10759,11341,29362,25666,3
1,53,1,19212,10771,11366,29333,25616,3
12,28,3,19401,10819,11391,29216,25565,3
25,-7,-14,19401,10819,11403,29216,25540,3
-24,-20,11,19249,10819,11403,29304,25540,3
9,11,-14,19268,10819,11403,29158,25515,3
13,-28,9,19174,10819,11391,29071,25490,3
-11,-18,1,19099,10819,11366,29216,25490,3
-8,-6,-9,19099,10819,11366,29129,25515,3
12,-6,-4,19080,10831,11391,29013,25465,3
32,7,3,19024,10819,11391,29042,25490,3
260,-25,18,18912,10843,11403,29100,25490,3
-72,3,-8,18709,10819,11403,28927,25440,3
10,54,-5,18635,10819,11403,28955,25415,3
-5,-47,-1,18635,10843,11416,29013,25390,3
-2,27,-20,18635,10879,11416,28840,25390,3
-8,118,-16,19024,11012,11478,28726,25490,3
2,1,7,18931,10891,11292,28726,25440,3
-29,-18,5,18857,10867,11206,28640,25341,3
-11,31,-1,18783,10843,11206,28498,25316,3
-20,1,-1,18875,10843,11206,28470,25291,3
-20,-5,-8,18838,10843,11243,28583,25291,3
10,-2,-2,18764,10831,11243,28527,25216,3
-19,1,5,18801,10855,11255,28414,25192,3
18,-4,3,18727,10831,11255,28555,25192,3
-21,-10,-17,18783,10843,11255,28527,25192,3
3,-38,3,18764,10867,11255,28357,25216,3
2,14,-3,18709,10855,11255,28385,25118,3
-16,-5,-2,18672,10855,11268,28442,25192,3
-3,-3,-8,18709,10879,11304,28357,25192,3
9,-2,-3,18746,10879,11304,28301,25118,3
48,-6,-16,18857,10867,11317,28329,25093,3
2,-5,9,18764,10867,11304,28357,25167,3
2,18,-4,18783,10867,11292,28245,25068,3
-23,35,-73,18857,10843,11304,28273,25044,3
-14,-38,-9,18801,10819,11268,28301,25142,3
-16,-36,39,18727,10819,11304,28217,25068,3
37,-94,44,18727,10831,11268,28133,25068,3
16,-80,29,18783,10819,11280,28245,25019,3
49,-55,33,18727,10843,11280,28161,24995,3
-6,-33,14,18691,10819,11292,28133,25019,3
27,40,-11,18709,10843,11280,28161,24995,3
7,26,-4,18727,10831,11292,28189,24995,3
-63,15,-20,18508,10843,11304,28133,25019,3
-15,35,-25,18057,10783,11268,28077,24970,3
-33,19,-13,15443,10464,11024,28133,24970,3
-3,25,-24,14636,10348,10939,28161,24848,3
26,50,-23,14786,10290,10867,28161,24824,3
3,22,2,14636,10209,10903,28133,24799,3
213,55,12,14696,10163,10879,28161,24751,3
-51,40,24,14385,10129,10748,28133,24775,3
-39,26,1,14503,10129,10748,28133,24727,3
30,-15,2,14547,10140,10724,28133,24775,3
-17,-5,8,14621,10117,10748,28133,24751,3
-15,14,-2,14636,10117,10724,28049,24678,3
-2,-12,0,14636,10117,10724,28049,24678,3
7,-12,-6,14666,10117,10724,28133,24702,3
11,-10,-4,14711,10117,10819,28105,24702,3
32,-24,-11,14937,10117,10736,28133,24702,3
15,-5,-12,15181,10083,10700,28161,24702,3
10,-14,6,15089,10083,10712,28133,24654,3
19,-13,-10,15058,10083,10795,28105,24630,3
-20,-14,4,15028,10083,10795,28077,24702,3
-19,1,0,15028,10071,10676,28133,24630,3
-24,-9,4,15028,10071,10795,28049,24702,3
7,7,-10,14967,10394,10688,28022,24702,3
86,-4,0,14982,10083,10700,28022,24654,3
-14,10,-5,14997,10083,10688,27994,24654,3
-24,-91,-15,15074,10094,10795,27966,24606,3
-56,46,9,15089,10418,10724,28022,24654,3
-5,-1,-4,15119,10140,10748,27966,24702,3
28,33,-1,15104,10406,10724,27939,24606,3
-27,3,10,15104,10117,10712,27911,24606,3
36,-10,-8,15089,10094,10807,27939,24606,3
2,-2,1,15089,10117,10807,27939,24558,3
27,-17,0,15150,10083,10688,27939,24558,3
-27,-12,2,15150,10117,10724,27911,24558,3
4,-35,-14,15181,10129,10736,27939,24606,3
14,57,-28,15397,10129,10748,27966,24582,3
-77,0,-13,15521,10129,10748,27911,24558,3
-9,2,5,15459,10129,10843,27911,24558,3
-3,22,4,15459,10129,10843,27911,24534,3
-4,21,3,15568,10464,10748,27911,24630,3
-3,33,-11,15678,10186,10843,27911,24606,3
-16,13,7,15726,10209,10748,27911,24606,3
-1,-13,1,15726,10209,10855,27939,24606,3
-18,-5,-3,15726,10209,10748,27911,24606,3
-16,12,7,15710,10221,10748,27911,24558,3
0,19,-1,15631,10209,10748,27856,24606,3
5,13,2,15615,10232,10748,27883,24606,3
6,32,6,16748,10267,10795,27966,24606,3
0,2,5,17289,10301,10783,27966,24630,3
-2,31,-6,17845,10394,10819,27939,24630,3
-11,22,5,17933,10418,10867,28022,24630,3
-57,82,9,18093,10441,10999,28049,24678,3
-9,36,6,17862,10441,10879,27911,24678,3
-5,23,2,17306,10418,10963,27911,24606,3
24,12,-6,16615,10301,10795,27828,24654,3
-4,10,-1,16483,10221,10748,27800,24606,3
16,0,-5,16417,10232,10748,27828,24534,3
-25,1,19,16368,10232,10748,27691,24606,3
-20,7,5,16287,10232,10724,27663,24534,3
-28,-10,4,16141,10221,10724,27636,24510,3
-50,5,2,16028,10511,10736,27609,24534,3
-20,4,-7,16109,10221,10724,27663,24510,3
-16,-27,-1,15900,10221,10736,27581,24462,3
-9,-9,15,15980,10209,10700,27609,24510,3
-55,-38,-12,15900,10301,10891,27609,24462,3
15,16,-7,16044,10582,11182,27581,24510,3
-8,3,2,15980,10688,11354,27581,24510,3
5,-8,-2,16060,10879,11465,27554,24510,3
17,1,1,16028,10891,11453,27581,24462,3
-1,-2,-4,16254,11243,12267,27609,24510,3
5,-7,-1,16368,11329,12411,27609,24438,3
51,-14,-5,17306,11304,12215,27718,24510,3
53,3,-6,18200,11255,12124,27828,24486,3
-3,16,-3,18290,11255,12086,27800,24486,3
9,-25,-18,18236,11206,11983,27939,24510,3
1,-17,-5,18272,11157,11855,27911,24534,3
39,-9,-9,18200,11012,11691,27883,24462,3
32,14,-11,18057,10963,11603,27939,24462,3
-24,72,-5,17845,10819,11503,28077,24414,3
-20,-33,19,17687,10759,11379,28022,24414,3
-8,-1,-5,17600,10748,11428,27911,24390,3
4,-56,9,17426,10748,11403,27939,24414,3
-14,12,9,17340,10748,11379,27856,24366,3
-7,7,16,17289,10748,11391,27800,24390,3
16,-18,-17,17220,10724,11403,27773,24342,3
-2,8,-21,17084,10748,11329,27800,24366,3
-6,-30,-3,17016,10724,11304,27691,24342,3
-28,-4,-8,16966,10712,11304,27691,24366,3
15,-15,-6,16898,10748,11317,27745,24342,3
-31,36,-22,16915,10748,11280,27691,24318,3
3,6,8,16882,10771,11304,27636,24271,3
1,-7,0,16815,10783,11304,27581,24318,3
-6,22,-18,16815,10819,11304,27663,24247,3
-63,58,-62,16815,10819,11317,27609,24129,3
-34,25,-46,16815,10819,11292,27527,24129,3
-8,36,-16,16815,10819,11304,27581,24318,3
33,-29,-29,16831,10807,11292,27581,24438,3
-25,38,6,16831,10795,11304,27472,24799,3
49,-25,-22,16882,10819,11304,27472,25044,3
33,37,-17,16865,10819,11304,27581,25316,3
8,-20,30,16831,10819,11317,27472,25341,3
42,-17,-34,16815,10795,11280,27391,25266,3
117,-31,-27,16882,10783,11292,27527,25316,3
91,-35,-20,16966,10795,11268,27472,25515,3
74,-12,18,17016,10819,11280,27391,25415,3
-14,11,34,17050,10724,11231,27418,25415,3
19,-5,0,16983,10688,11206,27499,25440,3
23,-25,-30,16949,10700,11219,27391,25440,3
12,-3,9,16949,10700,11219,27364,25440,3
8,-15,8,16966,10688,11206,27445,25440,3
-6,-1,-5,16966,10724,11231,27472,25415,3
9,-9,0,16915,10724,11206,27364,25390,3
14,-2,-7,16898,10724,11206,27418,25390,3
-10,3,3,16898,10748,11206,27418,25390,3
30,-24,-2,16915,10700,11219,27337,25341,3
-10,-4,0,16915,10724,11206,27337,25316,3
-19,9,5,16898,10724,11206,27418,25316,3
2,6,-31,16898,10712,11206,27364,25341,3
-52,7,-3,16949,10688,11219,27310,25341,3
-107,5,5,17033,10724,11170,27310,25415,3
-95,9,-4,17084,10843,11317,27364,25390,3
-82,52,23,17152,11060,11478,27310,25515,3
-7,57,3,17118,11145,11553,27283,25591,3
29,14,27,17152,11133,11528,27418,25742,3
34,-32,41,17169,11121,11515,27364,25691,3
38,-23,-12,17135,11109,11515,27256,25616,3
56,2,7,17186,11109,11478,27310,25565,3
82,-58,-12,17220,11109,11503,27364,25515,3
75,-90,-64,17669,11084,11528,27256,25390,3
35,-28,-15,17915,11024,11440,27283,24946,3
99,-60,3,18022,10963,11453,27364,24534,3
-1,-61,8,18147,10915,11403,27310,24247,3
-23,-62,7,17933,10903,11416,27202,24294,3
-57,27,1,17898,10915,11416,27418,24318,3
-35,23,-13,17880,10891,11366,27418,24271,3
-33,4,-10,17774,10879,11403,27310,24247,3
-142,-13,20,17669,10891,11379,27283,24176,3
-201,12,37,17582,10891,11366,27310,24176,3
-209,-19,0,17461,10927,11379,27202,24176,3
-57,-27,-8,17426,10891,11354,27148,24129,3
16,4,-8,17306,10867,11366,27283,24034,3
11,-11,13,17186,10582,11292,27256,24058,3
-45,24,5,17084,10464,11231,27256,24058,3
-48,-52,10,17186,10453,11206,27256,24058,3
75,3,-21,17862,10488,11304,27364,24081,3
17,70,-3,18435,10499,11329,27418,24058,3
36,-12,-1,18272,10488,11317,27499,24034,3
-16,-13,1,18344,10499,11354,27663,24011,3
-17,-19,28,18380,10499,11354,27691,24058,3
-19,4,-2,18308,10488,11341,27636,23940,3
-93,-4,19,18147,10511,11317,27636,23917,3
-43,7,19,18022,10488,11317,27636,23847,3
4,8,4,18004,10488,11354,27527,23800,3
8,-5,2,17933,10488,11304,27499,23777,3
15,-9,-1,17915,10488,11341,27581,23754,3
1,33,-4,17774,10499,11354,27800,23684,3
87,65,-9,17392,10499,11379,27828,23661,3
-13,-15,-5,17050,10535,11416,28133,23615,3
54,-25,-3,16966,10535,11428,28245,23499,3
-22,-31,13,16882,10535,11403,27911,23385,3
78,-45,-18,16748,10535,11391,27499,23385,3
-73,-72,12,16949,10535,11391,27095,23090,3
-12,-46,14,16966,10535,11366,26776,23022,3
-27,-194,71,17186,10535,11354,26749,22977,3
-18,-88,24,17152,10546,11317,26829,23022,3
-2,-51,-48,17067,10653,11317,26855,23112,3
17,-46,6,17084,10499,11304,26829,23022,3
-15,-38,-12,16966,10488,11292,27095,22709,3
-45,-56,0,16898,10476,11304,27256,22401,3
161,47,-91,16615,10406,11243,27229,22248,3
49,-24,-13,16715,10371,11206,27122,21967,3
-113,-91,19,16615,10383,11206,27148,21754,3
-159,-1,10,16565,10348,11182,27148,21563,3
55,103,-67,16401,10348,11133,27364,21458,3
-3,-9,40,16093,10336,11109,27527,21208,3
71,8,-60,15900,10570,11084,27966,21648,3
-39,26,-1,15789,10348,11072,28840,22053,3
28,20,-11,15789,10570,11072,29129,22226,3
38,-20,-2,15475,10348,11109,29071,22053,3
25,8,6,15412,10348,11157,28697,21882,3
5,26,-5,15288,10348,11109,28583,21796,3
33,20,-14,15242,10348,11145,28498,21796,3
-16,43,6,15242,10348,11096,28414,21839,3
-15,-4,-2,15242,10348,11096,28357,21839,3
19,-1,-3,15273,10359,11109,28329,21796,3
-6,4,6,15273,10359,11109,28301,21775,3
-8,6,8,15273,10348,11157,28301,21754,3
27,-1,4,15288,10348,11109,28245,21711,3
-24,-9,22,15335,10348,11109,28161,21711,3
4,-16,1,15412,10348,11084,28077,21733,3
20,4,0,15475,10336,11170,27966,21711,3
-10,-9,10,15490,10371,11109,27966,21711,3
13,-10,-4,15459,10348,11109,28022,21733,3
-6,-7,-3,15428,10359,11109,27966,21733,3
13,-14,-6,15412,10594,11121,27939,21733,3
-12,7,0,15475,10394,11182,27966,21733,3
-33,5,11,15584,10394,11133,27883,21796,3
-43,30,21,15584,10359,11170,28022,21796,3
-16,-7,30,15710,10371,11182,27911,21989,3
24,-30,11,15710,10394,11157,27911,22096,3
60,-98,14,15964,10371,11157,27800,21796,3
126,-27,-17,15932,10371,11194,27800,21542,3
91,-55,37,15964,10371,11133,27718,21375,3
-12,-127,63,15964,10348,11133,27663,21291,3
50,-12,-14,15932,10348,11145,27773,21229,3
-30,-2,-5,15916,10348,11182,27745,21229,3
-35,-1,10,15916,10348,11145,27773,21125,3
-16,-30,8,15837,10546,11157,27800,21002,3
-2,-37,8,15789,10348,11182,27800,21043,3
20,-15,-15,15868,10570,11170,27718,21084,3
136,30,-56,15710,10348,11157,27773,21458,3
-40,-15,13,15773,10359,11194,27800,21375,3
-1,-9,11,15694,10359,11182,27800,21375,3
94,23,-27,15678,10359,11206,27828,21500,3
-154,-18,31,15710,10359,11219,27828,21125,3
-4,-9,8,15916,10371,11268,27828,20716,3
15,-18,10,15789,10371,11268,27883,20737,3
24,-8,9,15773,10383,11292,27911,20737,3
-44,-16,31,16287,10453,11465,28049,20555,3
36,8,9,16549,10453,11478,27966,20475,3
5,107,0,16549,10359,11317,28022,20355,3
-20,81,34,16303,10325,11280,28077,20355,3
78,171,13,16093,10278,11268,28133,20395,3
-4,5,-7,15726,10255,11243,27994,20315,3
-26,19,-5,15600,10221,11157,27966,20275,3
-18,-62,2,15584,10232,11121,27883,20236,3
-11,-57,4,15459,10221,11121,27828,20236,3
17,46,-13,15397,10209,11194,27828,20236,3
152,-11,-3,15397,10499,11170,27856,20176,3
55,-14,-5,15475,10232,11206,27883,20078,3
0,33,8,15615,10255,11206,27745,20078,3
54,28,-10,15852,10255,11206,27773,19999,3
-81,8,28,15964,10255,11194,27718,20039,3
-42,35,14,15964,10267,11206,27691,20019,3
3,48,12,15932,10301,11206,27691,19999,3
-1,7,1,15837,10301,11206,27691,19980,3
8,35,3,15773,10301,11243,27691,20019,3
27,32,7,15789,10325,11255,27636,19999,3
28,-7,-11,15726,10348,11255,27609,19960,3
-1,0,15,15726,10359,11268,27581,19941,3
12,20,0,15773,10348,11255,27609,19960,3
2,-7,-2,15694,10359,11292,27527,19960,3
8,12,1,15647,10371,11304,27581,19960,3
-18,-4,-1,15726,10371,11304,27581,19941,3
65,-17,2,16109,10429,11403,27527,19999,3
17,-4,7,16748,10453,11465,27636,19999,3
-72,22,-4,16831,10653,11515,27636,19980,3
-26,-84,2,16681,10641,11403,27636,19941,3
-4,8,-12,16632,10736,11379,27636,19631,3
-12,33,7,17084,11231,11716,27636,19689,3
-4,16,-6,17169,11268,11766,27636,19612,3
-8,8,4,17118,11354,11944,27609,19650,3
9,-5,3,16966,11304,11868,27527,19592,3
22,13,6,16352,10831,11453,27527,19573,3
14,21,1,15948,10605,11366,27527,19535,3
-46,2,-17,15932,10429,11219,27499,19477,3
-104,-10,8,16715,10453,11268,27609,19554,3
-148,29,28,16765,10617,11317,27828,19554,3
-32,-29,16,16898,10453,11317,28022,19631,3
19,-8,-5,16882,10453,11304,27939,19612,3
15,-18,4,16765,10476,11317,27883,19592,3
-7,13,5,16615,10441,11341,27745,19573,3
-7,12,-7,15948,10441,11304,27636,19497,3
38,20,-2,15089,10348,11255,27581,19099,3
-11,17,2,14429,10313,11231,27445,19080,3
40,15,22,13412,10278,11219,27337,19005,3
15,15,1,13274,10255,11243,27256,19005,3
-25,49,9,12972,10255,11243,27364,18894,3
6,20,2,12851,10523,11255,27283,18820,3
54,-12,-10,12810,10255,11268,27310,18838,3
-12,0,-1,12810,10255,11255,27256,18801,3
-3,1,3,12810,10209,11243,27256,18783,3
-11,0,1,12783,10209,11243,27283,18783,3
-22,13,5,12770,10209,11231,27256,18764,3
14,3,-4,12756,10209,11231,27256,18783,3
-5,15,-3,12770,10209,11255,27256,18783,3
2,3,-6,12797,10209,11219,27256,18783,3
-4,10,2,12770,10209,11255,27202,18746,3
22,19,-2,12797,10209,11255,27202,18746,3
81,7,-11,12878,10186,11255,27256,18727,3
-3,-48,8,13454,10464,11255,27472,18746,3
-11,16,-9,13964,10429,11157,27527,18727,3
5,21,-14,14021,10129,11182,27418,18783,3
-5,-6,-10,13735,10429,10939,27337,18764,3
9,9,-8,13622,10117,10903,27256,18727,3
5,12,-1,13622,10106,11036,27256,18709,3
-26,8,1,13622,10117,10903,27256,18764,3
-19,1,-2,13566,10117,10915,27202,18727,3
12,10,-7,13566,10106,10891,27175,18709,3
14,-11,3,13566,10418,10879,27148,18709,3
9,8,3,13552,10083,11024,27175,18709,3
-13,-1,4,13510,10106,10891,27095,18727,3
-9,-1,4,13510,10094,10927,27068,18709,3
-9,3,-4,13580,10117,10879,27041,18672,3
57,34,-16,13721,10117,10915,27041,18727,3
0,5,5,13863,10117,10915,27041,18801,3
1,14,5,13921,10117,10915,27068,18727,3
-41,-6,1,13863,10117,10963,27068,18764,3
-22,10,1,13849,10117,10975,27068,18764,3
-36,-6,-7,13964,10383,10951,27095,18783,3
-21,44,2,14108,10094,11072,26988,18709,3
20,2,-9,14326,10418,10987,27015,18709,3
-106,-28,13,14370,10106,11109,26988,18727,3
-53,18,-18,14385,10117,11206,26935,18709,3
-112,-10,13,14458,10117,11354,26670,18709,3
145,74,-10,14429,10117,11354,26618,18709,3
-52,18,5,14458,10083,11182,26566,18617,3
32,69,16,14488,10117,11024,26566,18581,3
64,44,-11,14370,10106,11060,26539,18489,3
143,-56,-34,14429,10129,11084,26513,18435,3
3,-89,-11,14370,10129,11096,26513,18344,3
130,-68,-43,14532,10163,11194,26435,18344,3
-54,-40,4,14562,10163,11231,26435,18344,3
-18,-17,-3,14621,10163,11231,26409,18272,3
28,-4,9,14607,10163,11255,26409,18272,3
-31,-20,8,14562,10163,11255,26435,18308,3
41,4,-2,14503,10174,11255,26357,18272,3
4,-36,-1,14503,10186,11268,26357,18254,3
14,-3,-3,14488,10186,11268,26357,18236,3
-47,26,-2,14488,10209,11268,26357,18236,3
-56,11,5,14488,10209,11255,26357,18218,3
29,17,-4,14444,10186,11268,26357,18236,3
4,29,-7,14399,10209,11268,26357,18200,3
23,-7,-5,14399,10209,11268,26305,18236,3
-2,20,0,14399,10209,11255,26279,18200,3
-2,-20,7,14385,10209,11280,26357,18200,3
39,27,4,14385,10209,11243,26331,18164,3
10,-3,-10,14429,10209,11280,26331,18164,3
61,-26,-3,14399,10221,11268,26253,18129,3
-24,31,-12,14429,10232,11268,26279,18129,3
-3,47,-1,14399,10511,11280,26228,18129,3
44,-3,-12,14370,10232,11255,26253,18057,3
18,-10,32,14355,10232,11268,26202,17986,3
-1,42,31,14326,10499,11268,26202,18004,3
-27,39,-71,14253,10221,11280,26202,18004,3
3,-26,41,14253,10511,11304,26228,17933,3
5,2,-7,14253,10255,11304,26202,17898,3
-13,29,1,14282,10232,11317,26176,17792,3
5,70,26,14238,10255,11317,26202,17600,3
28,29,3,14238,10255,11304,26176,17565,3
-4,3,-16,14224,10255,11304,26202,17565,3
17,17,10,14253,10290,11317,26176,17565,3
-2,-5,1,14253,10267,11317,26124,17530,3
-7,10,-15,14268,10290,11366,26202,17513,3
26,30,4,14268,10278,11354,26150,17392,3
-6,2,-5,14311,10301,11354,26150,17426,3
4,7,2,14297,10278,11366,26176,17409,3
-2,-6,-1,14195,10535,11379,26202,17254,3
8,-11,-3,14268,10313,11354,26150,17426,3
-6,-2,-8,14268,10301,11354,26202,17392,3
7,-19,-10,14268,10301,11379,26124,17357,3
2,-7,23,14282,10301,11379,26150,17374,3
11,39,-13,14268,10301,11403,26150,17392,3
11,12,9,18562,10867,12267,11206,24414,4
-26,23,-10,18599,10867,12267,11170,24414,4
1,-5,4,18599,10867,12228,11170,24414,4
-8,15,-2,18544,10867,12267,11182,24414,4
14,-14,-16,18508,10867,12254,11206,24366,4
3,-4,-3,18526,10795,12189,11206,24366,4
-5,-28,-2,18581,10795,12163,11170,24366,4
41,34,28,18453,10453,11366,11060,24271,4
16,-15,-8,18147,10301,11109,10963,24247,4
-60,-19,10,18093,10255,11060,10939,24247,4
6,-9,9,18057,10267,11109,10927,24223,4
-11,28,-11,18004,10313,11219,10939,24271,4
23,32,-19,18004,10348,11317,10927,24247,4
-6,-34,3,17915,10359,11280,10927,24318,4
3,22,-11,17774,10325,11255,10927,24271,4
-30,-8,7,17774,10325,11255,10939,24223,4
11,-17,-10,17809,10348,11243,10927,24223,4
-27,41,17,17739,10313,11255,10915,24152,4
-1,-16,7,17739,10325,11255,10951,24176,4
-21,48,-2,17704,10348,11268,10915,24058,4
33,20,12,17652,10359,11255,10963,24081,4
-18,27,10,17634,10348,11255,10963,24129,4
7,7,-4,17634,10348,11268,10963,24129,4
-27,12,21,17582,10313,11243,10939,24129,4
20,-17,-18,17600,10348,11255,10951,24129,4
-25,-14,32,17704,10371,11268,10951,24129,4
-27,11,-1,17669,10359,11268,10939,24129,4
-9,-32,10,17669,10359,11255,10951,24034,4
-20,11,52,17669,10348,11255,10963,24034,4
1,-43,23,17652,10371,11268,10927,23964,4
7,-16,11,17669,10348,11255,10963,23964,4
-6,2,-5,17237,10313,11206,10963,23964,4
-19,-5,-15,16336,10209,11048,10963,23987,4
30,25,28,16093,10163,10748,10915,23964,4
0,2,7,15900,10129,10688,10867,24011,4
-13,-33,16,15852,10418,10676,10867,23940,4
9,-34,25,15900,10117,10724,10843,23707,4
29,5,3,15868,10117,10831,10867,23684,4
-3,-46,27,15868,10129,10748,10867,23661,4
13,-12,-7,15837,10117,10724,10867,23615,4
-29,-31,4,15884,10117,10748,10867,23592,4
-59,-62,46,16287,10209,11157,10879,23684,4
1,-27,33,16865,10244,11366,10915,23569,4
-53,-24,14,16748,10197,11268,10903,23569,4
-39,-14,-7,16648,10174,11182,10891,23477,4
-1,-26,20,16582,10174,11133,10879,23431,4
41,-41,7,16483,10174,11060,10867,23454,4
12,-34,9,16417,10174,11072,10867,23431,4
-19,-5,0,16368,10174,11072,10867,23431,4
21,21,6,16352,10186,11060,10879,23431,4
99,26,14,16189,10174,11072,10867,23339,4
-4,3,5,16189,10453,11060,10867,23294,4
-39,6,-24,16238,10186,11072,10867,23248,4
28,8,2,16417,10221,11194,10867,23248,4
-27,26,-7,16483,10244,11109,10867,23225,4
-19,-25,46,16715,10301,11255,10867,23225,4
-6,-17,-12,16698,10313,11255,10879,23203,4
-5,3,19,17220,10712,11754,10891,23339,4
24,3,0,17220,10927,12150,10915,23339,4
30,9,8,17220,10927,12176,10927,23248,4
19,-12,-1,17289,11060,12398,10963,23339,4
30,39,-2,17669,11553,13935,11084,23385,4
7,-28,8,17986,11528,14137,11268,23339,4
22,-11,-6,17845,11416,13580,11280,23316,4
23,13,-6,17827,11304,12905,11219,23248,4
19,18,0,17722,11206,12716,11206,23271,4
6,67,-7,17495,11109,12490,11194,23248,4
-93,66,-9,15600,10724,11490,11182,23248,4
-12,-19,4,14666,10406,11157,11121,23225,4
6,-21,9,14726,10313,11060,11084,23157,4
11,-42,15,14861,10267,10987,11060,23135,4
16,-9,-28,15553,10348,11231,11072,23067,4
13,-23,8,16287,10594,11528,11084,23067,4
42,35,-20,16882,11121,12905,11219,23203,4
12,-11,18,16748,11109,12716,11231,23203,4
20,0,-3,16582,11036,12490,11231,23180,4
22,-18,6,16549,10987,12372,11206,23112,4
73,35,-11,16450,10975,12280,11206,23112,4
19,6,5,16417,10963,12254,11206,23067,4
21,-40,19,16368,10939,12228,11206,23022,4
0,-39,16,16352,10963,12189,11206,23067,4
-12,-106,71,16352,10915,12124,11206,22999,4
-15,52,-19,16303,10867,11970,11206,22932,4
-65,58,-20,16303,10867,12009,11206,22932,4
-23,37,-2,16352,10843,11996,11194,22932,4
6,65,-56,16352,10843,11970,11182,22932,4
-122,2,-68,16352,10879,11957,11206,22910,4
-122,-99,-73,16352,10807,11983,11206,22955,4
11,-30,-72,16352,10807,11957,11219,22932,4
32,-16,-10,16368,10783,11919,11170,22865,4
-13,27,1,16368,10771,11932,11206,22932,4
-75,-12,3,16352,10771,11868,11206,22887,4
21,31,-2,16336,10641,11578,11109,22820,4
12,22,-12,16303,10594,11578,11084,22843,4
17,6,-3,16303,10499,11503,11096,22843,4
19,-16,12,16565,10394,11366,11060,22932,4
84,7,-3,16417,10301,11182,11012,22932,4
-6,-31,10,16125,10255,11145,11012,23022,4
-12,3,13,15964,10221,11084,11012,22977,4
129,43,-43,15932,10209,11145,10963,22977,4
52,-6,-30,15900,10209,11060,10939,23112,4
39,-30,6,16681,10221,10915,10927,23225,4
92,31,-27,16352,10186,10819,10915,23316,4
-74,-25,26,16222,10174,10795,10891,23248,4
17,-30,9,16028,10163,10783,10891,23180,4
16,-17,-8,15996,10163,10771,10903,23112,4
-12,28,5,16028,10453,10771,10879,23112,4
34,34,-10,16028,10174,10879,10915,23022,4
23,10,10,16238,10163,10771,10879,22910,4
28,37,-3,16028,10174,10771,10879,22843,4
-6,17,8,15996,10464,10771,10915,22798,4
-14,-14,18,15964,10174,10879,10879,22820,4
-20,8,9,16189,10197,10807,10915,22843,4
4,-9,0,16109,10209,10831,10915,22820,4
32,33,4,16238,10209,10867,10927,22798,4
-55,1,11,16125,10221,10867,10915,22843,4
15,-6,3,16060,10209,10855,10915,22776,4
21,-7,-1,16060,10221,10867,10927,22776,4
8,-18,11,15996,10232,10867,10915,22776,4
8,-8,-2,15996,10221,10867,10915,22798,4
-11,-8,5,16012,10221,10867,10915,22754,4
-25,10,0,15916,10499,10831,10915,22754,4
-49,-34,21,15932,10209,10963,10927,22687,4
-41,29,7,15980,10221,10867,10915,22754,4
13,9,13,16044,10232,10867,10915,22687,4
21,13,3,16093,10221,10975,10915,22709,4
10,12,-1,16157,10221,10867,10915,22754,4
39,3,16,16157,10221,10999,10915,22709,4
55,47,37,16093,10221,10867,10915,22665,4
0,29,-3,16028,10232,10891,10915,22599,4
-8,-30,-9,15900,10221,10879,10915,22510,4
13,-10,-4,15964,10488,10867,10915,22466,4
-6,-14,16,15964,10221,10915,10915,22488,4
26,37,-23,15980,10488,10915,10927,22401,4
17,3,-3,16028,10209,10987,10927,22357,4
26,-34,6,16238,10255,11060,10963,22313,4
44,6,8,16254,10255,11157,10999,22357,4
-76,-4,19,16648,10301,11565,11109,22532,4
-96,-31,9,16681,10406,11881,11133,22401,4
12,-11,3,16748,10441,11944,11109,22335,4
18,7,-5,16681,10488,11932,11084,22270,4
68,25,6,16632,10488,11830,11072,22248,4
2,16,5,16698,10511,11754,11048,22226,4
6,30,-12,16681,10488,11716,11060,22205,4
-1,32,-27,16632,10429,11478,11012,22140,4
26,22,-25,16632,10348,11292,10915,22096,4
-6,12,-12,16582,10523,11133,10891,22053,4
77,-21,-16,16434,10209,11060,10867,22075,4
-6,-54,15,16368,10186,10879,10867,22140,4
-16,-38,-5,16303,10186,10867,10843,22140,4
-15,-9,3,16287,10186,10867,10831,22075,4
-12,-4,-1,16125,10186,10843,10831,22053,4
47,-18,-12,16157,10174,10843,10855,21989,4
-38,-11,16,16093,10163,10867,10867,21989,4
-3,9,-2,16093,10163,10843,10843,21967,4
-9,24,4,16093,10163,10819,10831,21967,4
6,10,-4,16044,10429,10819,10831,21903,4
2,-2,-3,15996,10140,10819,10843,21989,4
24,-7,-8,15980,10163,10819,10819,21882,4
18,-4,-14,15980,10163,10783,10843,21882,4
-3,-26,9,15964,10163,10795,10843,21860,4
22,-15,-5,15932,10429,10807,10843,21839,4
5,0,-10,15916,10163,10783,10867,21796,4
-15,-5,0,15900,10163,10795,10867,21818,4
-6,-9,11,15916,10163,10819,10867,21775,4
21,-27,-2,15916,10163,10795,10867,21818,4
-22,33,10,15964,10163,10927,10867,21818,4
-19,-5,16,15964,10174,10783,10879,21818,4
13,11,7,15916,10174,10915,10891,21839,4
-24,42,-4,16028,10464,10819,10903,21775,4
-23,11,-3,15964,10163,10927,10891,21754,4
-5,10,6,15964,10163,10831,10891,21754,4
12,-15,-1,15964,10163,10831,10879,21733,4
0,9,-13,15964,10174,10819,10915,21733,4
23,2,-4,15948,10163,10819,10915,21775,4
29,-28,14,15397,10129,10771,10879,21818,4
23,-11,34,14253,10117,10771,10915,21796,4
-2,-21,37,13806,10117,10748,10915,21563,4
6,-69,67,13538,10117,10748,10915,21458,4
6,-42,6,13468,10106,10748,10915,21333,4
-9,-22,-11,13412,10083,10855,10927,21312,4
31,-13,-3,13580,10106,10748,10927,21146,4
45,-55,6,15058,10152,10831,10975,21167,4
41,-46,10,18057,10488,11354,11048,21437,4
-15,-28,15,19231,10987,12021,11012,21458,4
-89,-79,59,19344,11170,12810,11060,21479,4
-130,-83,107,20098,12009,15459,11255,21563,4
-21,93,-24,19650,11779,14311,11255,21375,4
-50,-15,-18,19231,11416,13524,11133,21291,4
32,2,-17,19099,11416,13482,11109,21250,4
41,-14,-2,19005,11453,13482,11109,21146,4
-13,38,-23,19061,11528,13510,11096,21125,4
-24,18,-9,19080,11453,13218,11048,21125,4
-25,31,-24,19249,10987,12163,10963,21125,4
-24,1,-3,19043,10915,11906,10951,21125,4
0,-2,21,18857,10939,11906,10951,21146,4
-28,-9,26,18857,11012,12124,10963,21125,4
-6,44,-7,18968,11157,12398,10975,21146,4
-33,46,-48,19099,11292,12703,11048,21146,4
-25,26,-11,19401,11754,13992,11304,21291,4
52,-42,37,19458,11957,14166,11603,21312,4
91,-34,2,19306,11804,13650,11465,21270,4
-23,0,1,19174,11665,13329,11366,21208,4
10,-31,12,19155,11665,13191,11304,21208,4
9,-56,0,19136,11653,13013,11231,21208,4
2,17,-12,19099,11653,12972,11219,21167,4
2,-25,-8,19080,11653,12959,11255,21187,4
-3,-19,-6,19118,11703,12945,11219,21125,4
-6,3,2,19080,11678,12918,11182,21125,4
11,-17,-5,19024,11691,12918,11182,21146,4
-60,-2,5,19005,11653,12743,11157,21167,4
62,17,6,18894,11615,12543,11109,21167,4
74,3,44,18949,11603,12556,11072,21208,4
-117,-10,28,18931,11565,12596,11084,21208,4
47,-25,6,18820,11565,12596,11060,21208,4
44,29,-12,18727,11603,12636,11072,21167,4
56,33,-20,18635,11603,12623,11072,21167,4
87,18,-17,18635,11603,12596,11084,21084,4
89,59,-31,18931,11653,12583,11170,21125,4
-122,-30,65,19554,11703,12556,11983,21333,4
-18,-42,17,19099,11703,12716,11615,21229,4
30,-12,2,19099,11830,12824,11553,20961,4
19,18,0,19306,11817,12797,11528,20920,4
23,-40,29,19193,11830,12837,11515,20940,4
32,14,-51,19458,12021,13068,11565,20737,4
76,-69,-26,19249,12021,13122,12163,20961,4
-292,-36,188,19306,11957,13191,13454,20696,4
82,-259,117,19477,11996,13735,12878,21229,4
-13,88,-81,18801,11830,13315,11792,20879,4
105,135,-36,18093,11465,12464,11329,20656,4
178,128,-73,17461,11206,12124,11170,20395,4
-75,109,-80,17254,11157,11957,11109,20157,4
-2,33,-33,17084,11121,11855,11072,20019,4
-47,13,-27,17084,11157,11855,11072,19941,4
-22,-14,18,16999,11157,11855,11060,19921,4
-44,-13,-23,16949,11133,11855,11084,19921,4
2,27,-29,16932,11157,11842,11060,19863,4
-49,10,26,16882,11133,11817,11072,19863,4
-6,30,-8,16848,11170,11855,11084,19863,4
-83,-23,21,16831,11145,11842,11084,19766,4
19,3,7,16831,11182,11842,11084,19766,4
5,21,-20,16781,11182,11830,11096,19824,4
14,16,-8,16748,11170,11868,11109,19766,4
31,-40,4,16765,11170,11868,11072,19785,4
-44,-2,-5,16765,11194,11881,11109,19766,4
5,7,19,16781,11206,11983,11109,19766,4
13,7,9,16831,11157,12021,11109,19766,4
-11,-13,37,16898,11048,12163,11109,19843,4
18,37,-20,16983,10867,12060,11072,19863,4
-28,44,7,16949,10843,12034,11072,19843,4
47,30,-17,16915,10843,12034,11084,19902,4
11,4,-7,16882,10819,12009,11084,19863,4
19,57,-23,16882,10831,11996,11096,19766,4
-13,36,6,16815,10831,11983,11109,19785,4
-79,-6,12,15058,10488,11490,11133,19766,4
47,-26,19,13806,10255,11255,11121,19535,4
31,16,-4,13287,10209,11157,11133,19382,4
-19,-22,10,13081,10174,11182,11133,19193,4
24,-53,12,13122,10209,11121,11121,19080,4
-7,-22,4,13122,10174,11121,11157,19005,4
5,-42,2,13371,10453,11072,11157,19005,4
12,30,-17,13454,10152,11060,11157,19005,4
-27,11,-6,13482,10129,11036,11145,18968,4
19,-28,20,13426,10140,11072,11170,19005,4
-25,-7,-9,13566,10163,11060,11157,19024,4
16,-2,3,13594,10129,11096,11170,19005,4
12,14,10,13594,10129,10975,11170,19005,4
17,21,6,13594,10140,11084,11182,19005,4
-27,2,12,13594,10429,10987,11170,18968,4
13,35,-14,13580,10117,11060,11170,19024,4
8,17,-2,13538,10429,10963,11182,19005,4
12,11,-10,13524,10117,10963,11170,19005,4
21,30,-3,13538,10140,10963,11206,18968,4
-19,7,-7,13594,10129,10963,11206,18949,4
1,-4,1,13650,10129,10975,11206,18949,4
-31,-1,-3,13693,10129,11084,11206,18987,4
-1,-35,9,13707,10129,10963,11206,18931,4
-12,-1,6,13735,10129,10963,11219,18931,4
9,-14,15,13735,10129,11072,11231,18931,4
18,38,-41,13764,10140,10999,11465,18949,4
-44,17,12,13835,10140,10963,11804,18968,4
-87,-20,24,13978,10429,10963,12124,18949,4
-43,-6,7,14108,10140,10975,12073,18875,4
-49,-2,10,14137,10163,11096,11932,18931,4
-51,-44,24,14937,10174,11024,11366,19043,4
22,35,-13,14907,10163,10999,11060,19080,4
32,18,-23,14801,10163,11072,11012,19061,4
-21,16,-20,14711,10163,10987,10999,19099,4
10,17,-2,14952,10174,11060,11012,18987,4
-55,30,-10,14997,10209,11133,11060,18931,4
35,33,-14,14982,10209,11096,11060,18968,4
-20,-3,26,15074,10186,11133,11072,18931,4
-9,-19,-4,15043,10209,11109,11084,18709,4
-40,-30,27,15335,10209,11072,11170,18236,4
-30,-24,19,15916,10244,11170,11231,18326,4
19,26,-20,15837,10244,11170,11206,18272,4
19,31,9,15678,10499,11170,11206,18308,4
-12,-1,3,15647,10255,11219,11280,18272,4
-22,-9,23,15631,10244,11219,11317,18308,4
-18,5,2,15647,10255,11268,11453,18272,4
14,-5,6,15694,10278,11255,11465,18272,4
-24,-7,10,15757,10301,11255,11503,18272,4
3,9,4,15789,10546,11317,11665,18200,4
-28,-29,5,15805,10325,11317,11615,18326,4
10,-4,2,15789,10313,11317,11565,18272,4
15,2,-6,15789,10313,11292,11615,18236,4
-8,12,-6,15789,10325,11304,11754,18218,4
-4,4,1,15837,10325,11292,11830,18236,4
-3,10,12,11206,26776,35602,29274,10605,5
-5,15,2,11206,26723,35602,29245,10641,5
-3,-12,-12,11194,26749,35565,29274,10629,5
2,10,3,11182,26697,35565,29216,10629,5
-17,27,-5,11206,26697,35565,29216,10629,5
-7,-16,-6,11206,26670,35528,29216,10641,5
-34,-43,20,11206,26697,35528,29158,10605,5
-39,-39,1,11170,26670,35492,29071,10629,5
-47,-26,38,11194,26618,35455,29100,10511,5
12,-33,-16,11206,26644,35455,29158,10488,5
27,-9,11,11194,26618,35382,29071,10488,5
41,-10,-24,11206,26618,35418,29013,10499,5
5,2,12,11182,26566,35382,29042,10464,5
-19,24,-1,11182,26566,35309,29013,10499,5
-8,22,-10,11170,26618,35345,28927,10511,5
36,-37,29,11170,26566,35345,28898,10535,5
41,9,-15,11170,26566,35309,28927,10511,5
-32,40,9,11182,26513,35309,28927,10535,5
-2,2,-2,11170,26513,35236,28812,10546,5
5,-21,0,11194,26539,35272,28869,10535,5
-20,-34,-8,11231,26539,35163,29216,10488,5
1,-108,34,11182,26513,35091,29158,10464,5
73,28,35,11157,26723,35127,29100,10441,5
-44,15,-32,11133,26618,35018,29129,10406,5
47,10,-20,11133,26253,34946,29042,10441,5
31,-38,11,11157,26124,34874,28984,10441,5
-36,-35,29,11354,25793,34839,28984,10441,5
-20,7,33,11503,25591,34910,28955,10441,5
-5,26,-12,11553,25465,34874,28869,10441,5
-52,37,-16,11603,25440,34839,28840,10441,5
-21,-15,-9,11553,25440,34767,28869,10441,5
-4,28,-22,11478,25390,34731,28812,10418,5
-6,5,9,11465,25365,34624,28697,10488,5
21,27,7,11403,25291,34660,28697,10464,5
21,4,22,11379,25266,34660,28697,10441,5
-5,6,-6,11379,25266,34589,28612,10453,5
-98,-24,-5,11354,25241,34553,28612,10441,5
-61,-29,-19,11379,25192,34553,28612,10476,5
-31,1,-8,11366,25216,34624,28583,10488,5
-44,21,-20,11341,25216,34589,28583,10418,5
-173,-54,59,11354,25167,34589,28612,10394,5
0,7,-13,11354,25019,34553,28640,10394,5
12,22,-30,11317,24995,34518,28527,10406,5
-39,-37,22,11317,24946,34447,28527,10418,5
28,24,-16,11329,24995,34553,28555,10394,5
1,15,45,11304,24946,34447,28442,10394,5
53,0,-19,11403,24995,34447,28414,10429,5
-17,-51,14,11465,24995,34482,28414,10418,5
38,-20,27,11515,24970,34482,28414,10418,5
26,35,-19,11515,24946,34447,28385,10441,5
-12,-6,-13,11453,24970,34482,28385,10406,5
23,3,19,11403,24897,34341,28385,10406,5
4,4,2,11403,24897,34341,28301,10441,5
33,-12,-4,11403,24848,34341,28301,10406,5
5,4,16,11416,24897,34376,28357,10441,5
-45,-27,-27,11428,24921,34376,28357,10406,5
0,15,-27,11478,24946,34482,28301,10406,5
60,10,2,11416,24897,34412,28329,10441,5
21,-10,-7,11403,24727,34271,28245,10418,5
-1,-29,-3,11354,24702,34235,28273,10441,5
75,26,-13,11465,24654,34200,28161,10453,5
9,0,25,12690,24534,34200,28301,10464,5
2,17,7,13863,24438,34130,28245,10441,5
78,6,0,14636,24510,34271,28273,10406,5
25,2,0,14756,24414,34341,28245,10394,5
-60,41,11,15058,24414,34341,28357,10406,5
58,-6,15,14861,24342,34447,28357,10441,5
160,30,73,14518,24366,34518,28414,10441,5
207,-4,10,14355,24223,34447,28414,10418,5
74,50,6,14370,24176,34412,28385,10429,5
30,17,33,14224,24176,34341,28301,10418,5
-3,-74,40,14195,24129,34235,28301,10441,5
-10,-26,-30,14108,24081,34200,28245,10418,5
-124,4,-12,14137,24058,34165,28245,10453,5
-22,-4,40,14311,24058,34200,28301,10748,5
38,36,-16,14108,23940,34130,28329,10535,5
-4,20,4,14021,23940,34095,28301,10499,5
51,48,-10,13921,23894,34060,28301,10488,5
40,45,-10,13863,23894,34026,28245,10488,5
33,30,-17,13735,23894,34026,28161,10488,5
57,-33,19,13735,23894,33991,28133,10488,5
-1,-17,8,13735,23847,33956,28077,10499,5
20,1,-6,13622,23847,33921,28133,10488,5
-16,-18,-21,13440,23847,33852,28105,10488,5
54,-56,-26,13260,23800,33887,28049,10476,5
63,-52,-15,13150,23800,33852,28077,10488,5
-30,-61,7,13122,23800,33783,28022,10499,5
4,10,6,13068,23777,33748,28022,10499,5
-17,26,1,13136,23661,33748,27939,10511,5
32,14,0,13122,23661,33714,27966,10499,5
-7,-2,13,13081,23661,33714,27939,10511,5
-37,-68,7,13068,23661,33679,27911,10464,5
-41,9,8,13027,23707,33679,27911,10441,5
-34,-11,-28,13027,23684,33714,27911,10418,5
3,21,-14,12972,23684,33645,27856,10429,5
-33,-60,-13,12346,23777,33645,27800,10441,5
-56,-19,38,11716,23661,33645,27856,10441,5
-10,81,-3,11317,23615,33679,27883,10453,5
22,-89,7,11255,23499,33714,27939,10441,5
-39,-27,3,11416,23294,33439,27966,10441,5
25,-28,0,11678,23248,33371,27939,10406,5
-37,-31,-35,11817,23203,33236,27911,10418,5
-8,-17,11,11716,23157,33100,27800,10418,5
47,10,-11,11754,23180,33033,27800,10441,5
51,-27,40,12034,23180,32999,27718,10418,5
-22,43,10,12202,23180,32966,27800,10441,5
48,26,12,12346,23112,32932,27718,10441,5
83,191,-180,12280,23067,32899,27691,10418,5
-22,-33,42,12163,23022,32966,27663,10406,5
-45,89,-18,12583,22977,33033,27718,10394,5
49,24,-38,12451,22977,33033,27636,10441,5
247,-94,-96,12438,22955,32899,27581,10418,5
-139,-120,66,12438,22955,32799,27581,10441,5
176,-121,-4,12438,22932,32765,27499,10453,5
-84,17,30,12189,22955,32732,27527,10476,5
-156,33,66,12163,22932,32732,27472,10441,5
-100,30,34,12267,22932,32765,27499,10453,5
-13,48,-3,12490,22977,32799,27499,10464,5
-19,24,-11,12346,22955,32765,27499,10418,5
10,91,-50,12163,22977,32765,27554,10406,5
19,28,-3,12073,22955,32765,27527,10394,5
-24,-14,35,12112,22955,32765,27472,10429,5
73,63,24,12241,23022,32765,27418,10441,5
35,-10,15,12202,23022,32832,27418,10441,5
-88,-43,19,12267,22955,32765,27364,10441,5
34,46,8,12176,22910,32699,27364,10441,5
-198,-47,31,11766,22932,32732,27418,10441,5
-48,-12,29,11653,22776,32699,27391,10453,5
32,10,-11,11855,22776,32666,27310,10441,5
28,11,-6,12021,22754,32732,27364,10453,5
-68,12,-5,12124,22843,32699,27337,10464,5
-27,1,-3,12086,22798,32633,27310,10464,5
-31,-9,-4,12060,22798,32599,27283,10488,5
-36,-16,5,12060,22798,32533,27283,10453,5
-26,29,-14,11957,22776,32599,27256,10464,5
8,24,-2,11906,22820,32533,27283,10453,5
-49,14,6,12280,22843,32500,27283,10488,5
3,0,-7,12320,22798,32500,27283,10464,5
19,27,-18,12073,22754,32467,27256,10464,5
12,2,-12,12086,22754,32467,27229,10464,5
-30,21,-2,12189,22709,32435,27175,10441,5
-23,5,-5,12267,22709,32467,27229,10488,5
-4,5,7,12346,22665,32467,27229,10499,5
24,-9,19,12490,22665,32500,27256,10488,5
-26,1,-15,12267,22621,32467,27229,10488,5
-8,16,-10,12112,22643,32435,27202,10499,5
59,12,-20,12060,22643,32435,27202,10499,5
11,8,-1,11996,22665,32435,27202,10535,5
-47,-8,-6,12009,22599,32435,27175,10499,5
-46,5,8,11906,22665,32435,27148,10499,5
31,7,11,11678,22709,32500,27148,10499,5
-37,26,2,11453,22843,32533,27148,10499,5
-16,15,10,11416,22843,32566,27175,10499,5
64,41,4,11678,22910,32666,27175,10499,5
31,30,10,11881,22887,32699,27175,10499,5
-45,2,8,11906,22843,32699,27256,10499,5
-40,-17,-16,11855,22798,32633,27229,10499,5
-26,-5,-3,11716,22754,32566,27202,10488,5
-2,11,2,11855,22731,32500,27202,10499,5
18,-1,-3,12073,22709,32435,27175,10511,5
10,14,-20,12021,22687,32369,27095,10535,5
28,14,9,11842,22665,32303,27095,10499,5
-21,32,29,11957,22665,32271,27068,10499,5
-16,-1,7,12228,22599,32271,27068,10499,5
44,4,-25,12034,22621,32303,27095,10511,5
50,-29,-4,11957,22599,32271,27095,10535,5
129,-482,73,12034,22599,32336,27068,10546,5
59,20,-24,12073,22621,32303,27041,10582,5
22,-10,-17,12073,22576,32303,27041,10570,5
49,22,21,12060,22576,32271,27041,10558,5
25,15,-15,12034,22576,32271,27041,10582,5
15,64,-33,12060,22621,32238,27041,10594,5
11,-11,4,11868,22532,32173,27015,10546,5
33,-8,27,11906,22401,32140,27122,10523,5
33,-68,54,12086,22401,32043,27202,10499,5
-56,2,15,12372,22510,31946,27068,10499,5
-34,7,-11,12570,22576,32010,26961,10511,5
-6,-32,4,12517,22687,31978,26988,10488,5
11,36,-15,12543,22709,32108,26882,10464,5
-77,1,-40,13013,22709,32140,26829,10464,5
29,65,-8,13707,22488,32108,26829,10453,5
1,95,-53,13806,22444,32108,26776,10441,5
46,5,0,13246,22335,31978,26697,10464,5
-42,7,10,13150,22270,31849,26618,10453,5
9,27,-13,13081,22292,31752,26618,10476,5
-2,-44,-9,13027,22248,31656,26618,10464,5
-5,-21,-2,13013,22248,31656,26566,10464,5
24,35,-3,12932,22248,31593,26566,10464,5
13,22,-6,13301,22205,31624,26644,10441,5
0,-22,-13,13398,22226,31593,26566,10441,5
2,-13,2,13095,22183,31593,26513,10464,5
-17,-6,0,13068,22161,31497,26566,10476,5
-16,-3,-1,13122,22226,31529,26487,10488,5
33,48,-35,12972,22205,31593,26331,10464,5
-33,-14,6,12851,22161,31529,26435,10453,5
2,33,2,12824,22205,31593,26461,10453,5
-46,31,26,12932,22140,31529,26435,10464,5
8,2,-15,12878,22075,31497,26357,10464,5
-32,66,8,13013,21967,32075,26409,10476,5
23,-22,9,12905,21924,32010,26383,10453,5
-17,-5,8,12346,21903,32010,26383,10488,5
-23,-32,32,11703,22053,31593,26409,10464,5
-7,6,-12,11490,22053,31688,26566,10453,5
16,0,-18,11553,21989,32075,26539,10418,5
1,2,6,11665,21967,31913,26487,10453,5
-9,-44,-13,11553,21946,31881,26513,10464,5
92,-30,-40,11379,21967,31849,26566,10441,5
149,381,-159,11243,21989,31913,26829,10394,5
-51,42,22,11231,21903,31849,26644,10394,5
43,-76,47,11354,21882,31785,26644,10441,5
-44,17,28,11528,21796,31881,26644,10582,5
101,143,-56,11503,21818,31817,26513,10594,5
27,256,-54,11503,21775,31978,26566,10582,5
40,-45,-13,11453,21796,31849,26618,10629,5
68,-130,62,11453,21754,31978,26566,10582,5
26,-30,-4,11416,21627,31946,26461,10394,5
-117,-15,-11,11416,21627,31913,26513,10348,5
-12,14,-12,11416,21584,31881,26409,10348,5
10,-2,-17,11428,21563,31817,26331,10348,5
146,60,-83,11416,21669,31752,26357,10394,5
-38,-11,28,11268,21733,31881,26357,10383,5
71,-3,-9,11304,21818,31881,26305,10394,5
-55,34,-2,12163,21989,32108,26305,10394,5
-10,17,5,13013,21989,32010,26331,10394,5
6,27,-3,14253,21989,31978,26305,10394,5
-47,-22,-12,13693,21903,32010,26202,10394,5
-22,1,5,13426,21882,31913,26228,10406,5
5,6,-3,13150,21796,31849,26253,10394,5
7,0,-3,12864,21796,31688,26176,10406,5
-12,12,6,12770,21754,31688,26150,10418,5
-27,9,-4,12636,21733,31593,26202,10406,5
-10,-1,7,12530,21711,31529,26150,10406,5
-7,10,-3,12636,21648,31561,26099,10406,5
-18,-13,1,12797,21627,31561,26150,10406,5
-18,0,5,12959,21584,31593,26176,10406,5
-8,37,6,13205,21563,31624,26150,10394,5
45,47,26,13232,21584,31720,26176,10406,5
3,-80,68,13454,21584,31881,26253,10394,5
-116,34,24,13177,21542,31978,26305,10359,5
-20,107,-2,12959,21479,31978,26305,10394,5
9,34,-15,12837,21479,31913,26228,10383,5
-2,-4,-10,12797,21458,31913,26253,10394,5
-41,-18,7,12797,21458,31881,26176,10394,5
-62,-12,-46,12824,21458,31785,26150,10406,5
-133,-10,24,12743,21437,31720,26176,10406,5
37,-30,0,12972,21416,31656,26150,10394,5
3,-33,0,13260,21500,31624,26150,10394,5
-2,-48,-5,13454,21606,31720,26305,10406,5
-46,-51,40,13510,21606,31624,26253,10394,5
2,-126,106,13622,21521,31593,26253,10394,5
27,11,32,13679,21500,31593,26150,10394,5
30,25,12,12770,21627,31720,26253,10394,5
1,41,34,12228,21733,31881,26228,10394,5
23,50,-12,11983,21754,31913,26150,10394,5
49,2,-17,11906,21733,31946,26202,10406,5
1,51,-23,11881,21796,32010,26202,10406,5
13,3,7,11906,21796,32010,26124,10441,5
-5,26,-15,11919,21775,31978,26022,10418,5
-2,-9,-6,12150,21669,31913,26099,10453,5
-41,1,-22,12596,21648,31849,26022,10418,5
1,23,-16,13510,21542,31817,25971,10441,5
77,-4,-32,14209,21521,31752,25971,10441,5
-31,-17,0,14429,21437,31720,25945,10406,5
33,40,-36,14195,21395,31752,25971,10441,5
-25,25,6,14108,21375,31785,25945,10441,5
21,-4,-38,13964,21312,31752,25996,10441,5
-4,-31,-14,13906,21354,31720,25945,10441,5
-20,10,-4,13906,21312,31656,25894,10464,5
-3,-12,-9,13792,21312,31593,25920,10406,5
50,-24,-18,13693,21312,31593,25920,10418,5
23,11,-6,13650,21291,31497,25818,10441,5
18,10,-6,13679,21312,31497,25843,10441,5
58,-19,-29,13622,21291,31497,25843,10453,5
26,2,-26,13538,21333,31529,25818,10488,5
7,-12,15,13468,21354,31497,25818,10488,5
2,18,-4,13707,21354,31434,25894,10488,5
50,18,-14,13735,21375,31402,25894,10511,5
-19,21,10,13580,21375,31465,25818,10511,5
28,-16,32,13496,21229,31434,25843,10488,5
3,17,-15,13524,21250,31434,25945,10453,5
-15,0,8,13496,21229,31370,25894,10488,5
12,-5,17,13566,21291,31370,25818,10488,5
-11,-5,4,13665,21333,31434,25920,10488,5
-23,-9,29,13622,21312,31402,25894,10499,5
78,-59,14,13636,21312,31370,25818,10499,5
75,-129,24,13863,21291,31213,25717,10594,5
-7,22,21,14036,21146,31025,25717,10546,5
-2,28,-5,14137,21208,30962,25641,10546,5
45,-15,-14,14079,21312,30962,25591,10535,5
50,-21,-18,13921,21291,30994,25540,10546,5
-35,12,-3,13906,21229,30994,25540,10558,5
16,2,-9,13906,21229,30962,25490,10546,5
-12,17,-30,13863,21291,30962,25440,10582,5
-10,-13,-29,13835,21229,30931,25515,10546,5
-19,1,4,13849,21229,30962,25490,10546,5
-5,6,7,13835,21250,30900,25390,10582,5
-14,29,19,13849,21229,30962,25440,10546,5
-13,17,-20,13849,21229,30931,25440,10570,5
-2,24,-7,13863,21229,30900,25390,10558,5
3,25,11,13992,21187,30962,25415,10570,5
23,-5,-30,14122,21208,30962,25465,10558,5
-2,-22,-17,14370,21208,30962,25440,10582,5
-6,4,-7,14458,21208,30962,25390,10582,5
-7,-3,1,14488,21208,30962,25465,10594,5
-12,-6,-10,14592,21229,30962,25415,10582,5
27,-18,9,14532,21167,30962,25390,10582,5
14,-9,-14,14532,21208,30807,25192,10594,5
-8,9,-6,14547,21187,30931,25440,10582,5
-10,-8,-5,14503,21208,30962,25415,10594,5
-5,0,6,14503,21167,30931,25316,10617,5
5,4,8,14518,21187,30900,25440,10594,5
14,-11,0,14518,21167,30869,25390,10629,5
-8,8,-9,14503,21187,30869,25390,10605,5
-10,18,8,14577,21187,30900,25316,10605,5
-14,0,7,14577,21167,30900,25390,10594,5
-2,-2,-3,14621,21146,30869,25390,10594,5
10,-26,-3,14621,21167,30900,25316,10594,5
